1,0.020661,5.3756e-05,2,0.199408,-0.00429021,2,1.95714,-0.00525258,2,20.0394,-0.00598809
1,0.0206823,3.46325e-05,2,0.19767,-0.00394213,2,1.95502,-0.0051958,2,20.0371,-0.00598126
1,0.0206987,2.55846e-05,2,0.196058,-0.00364784,2,1.95291,-0.00514018,2,20.035,-0.00597501
1,0.0207123,2.00574e-05,2,0.194553,-0.0033965,2,1.95082,-0.00508568,2,20.0329,-0.00596877
1,0.0207238,1.62368e-05,2,0.19314,-0.00317981,2,1.94875,-0.00503229,2,20.0307,-0.00596198
1,0.0207336,1.33965e-05,2,0.191805,-0.00299134,2,1.9467,-0.00497997,2,20.0286,-0.00595577
1,0.0207419,1.1184e-05,2,0.190539,-0.00282604,2,1.94468,-0.00492868,2,20.0265,-0.00594957
1,0.020749,9.40628e-06,2,0.189332,-0.00267995,2,1.94267,-0.00487841,2,20.0243,-0.00594282
1,0.0207551,7.94817e-06,2,0.188178,-0.00254989,2,1.94068,-0.00482912,2,20.0222,-0.00593664
1,0.0207602,6.73593e-06,2,0.187071,-0.00243334,2,1.9387,-0.00478079,2,20.0201,-0.00593048
1,0.0207646,5.7192e-06,2,0.186006,-0.00232825,2,1.93675,-0.0047334,2,20.0179,-0.00592377
1,0.0207684,4.86161e-06,2,0.184979,-0.00223297,2,1.93481,-0.00468693,2,20.0158,-0.00591763
1,0.0207715,4.13566e-06,2,0.183986,-0.00214612,2,1.93289,-0.00464134,2,20.0138,-0.0059115
1,0.0207742,3.51972e-06,2,0.183024,-0.00206658,2,1.93099,-0.00459662,2,20.0115,-0.00590483
1,0.0207766,2.99639e-06,2,0.18209,-0.00199342,2,1.9291,-0.00455275,2,20.0095,-0.00589873
1,0.0207785,2.55132e-06,2,0.181183,-0.00192585,2,1.92723,-0.0045097,2,20.0074,-0.00589264
1,0.0207802,2.17261e-06,2,0.180299,-0.00186321,2,1.92537,-0.00446746,2,20.0052,-0.00588601
1,0.0207816,1.85024e-06,2,0.179438,-0.00180495,2,1.92353,-0.004426,2,20.0031,-0.00587994
1,0.0207828,1.57577e-06,2,0.178598,-0.00175058,2,1.92171,-0.00438531,2,20.0011,-0.00587389
1,0.0207839,1.34205e-06,2,0.177777,-0.00169971,2,1.9199,-0.00434536,2,19.9988,-0.0058673
1,0.0207848,1.14302e-06,2,0.176973,-0.00165196,2,1.91811,-0.00430615,2,19.9968,-0.00586127
1,0.0207855,9.73515e-07,2,0.176187,-0.00160705,2,1.91633,-0.00426764,2,19.9948,-0.00585525
1,0.0207861,8.29152e-07,2,0.175417,-0.00156471,2,1.91456,-0.00422982,2,19.9925,-0.0058487
1,0.0207867,7.06199e-07,2,0.174661,-0.00152469,2,1.91281,-0.00419269,2,19.9905,-0.00584271
1,0.0207872,6.01479e-07,2,0.17392,-0.0014868,2,1.91108,-0.00415621,2,19.9884,-0.00583672
1,0.0207875,5.12289e-07,2,0.173192,-0.00145085,2,1.90935,-0.00412038,2,19.9862,-0.00583021
1,0.0207879,4.36324e-07,2,0.172477,-0.00141669,2,1.90764,-0.00408517,2,19.9842,-0.00582425
1,0.0207882,3.71624e-07,2,0.171774,-0.00138417,2,1.90595,-0.00405059,2,19.9822,-0.00581831
1,0.0207884,3.16518e-07,2,0.171083,-0.00135317,2,1.90426,-0.0040166,2,19.98,-0.00581183
1,0.0207886,2.69584e-07,2,0.170402,-0.00132357,2,1.90259,-0.00398319,2,19.9779,-0.00580591
1,0.0207888,2.29609e-07,2,0.169732,-0.00129527,2,1.90093,-0.00395036,2,19.9759,-0.0058
1,0.020789,1.95561e-07,2,0.169073,-0.00126818,2,1.89929,-0.00391809,2,19.9737,-0.00579356
1,0.0207891,1.66563e-07,2,0.168422,-0.00124221,2,1.89765,-0.00388636,2,19.9717,-0.00578768
1,0.0207892,1.41864e-07,2,0.167782,-0.00121729,2,1.89603,-0.00385517,2,19.9697,-0.0057818
1,0.0207893,1.20828e-07,2,0.16715,-0.00119335,2,1.89442,-0.0038245,2,19.9675,-0.0057754
1,0.0207894,1.02911e-07,2,0.166526,-0.00117032,2,1.89282,-0.00379433,2,19.9654,-0.00576955
1,0.0207894,8.76508e-08,2,0.165911,-0.00114816,2,1.89123,-0.00376466,2,19.9634,-0.00576371
1,0.0207895,7.46536e-08,2,0.165304,-0.0011268,2,1.88965,-0.00373548,2,19.9612,-0.00575735
1,0.0207895,6.35836e-08,2,0.164705,-0.00110621,2,1.88808,-0.00370677,2,19.9592,-0.00575153
1,0.0207896,5.41551e-08,2,0.164113,-0.00108633,2,1.88653,-0.00367853,2,19.9572,-0.00574572
1,0.0207896,4.61247e-08,2,0.163529,-0.00106712,2,1.88498,-0.00365074,2,19.955,-0.0057394
1,0.0207896,3.92851e-08,2,0.162952,-0.00104855,2,1.88344,-0.0036234,2,19.953,-0.00573362
1,0.0207897,3.34597e-08,2,0.162382,-0.00103059,2,1.88192,-0.00359649,2,19.951,-0.00572784
1,0.0207897,2.84982e-08,2,0.161818,-0.0010132,2,1.8804,-0.00357,2,19.9488,-0.00572156
1,0.0207897,2.42723e-08,2,0.161261,-0.000996348,2,1.8789,-0.00354392,2,19.9468,-0.00571581
1,0.0207897,2.06731e-08,2,0.16071,-0.000980012,2,1.8774,-0.00351826,2,19.9448,-0.00571007
1,0.0207897,1.76076e-08,2,0.160165,-0.000964164,2,1.87592,-0.00349299,2,19.9427,-0.00570382
1,0.0207898,1.49967e-08,2,0.159627,-0.000948781,2,1.87444,-0.0034681,2,19.9407,-0.00569811
1,0.0207898,1.27729e-08,2,0.159094,-0.000933841,2,1.87297,-0.0034436,2,19.9387,-0.0056924
1,0.0207898,1.08788e-08,2,0.158568,-0.000919322,2,1.87151,-0.00341947,2,19.9365,-0.00568619
1,0.0207898,9.26568e-09,2,0.158047,-0.000905205,2,1.87006,-0.0033957,2,19.9345,-0.00568051
1,0.0207898,7.89172e-09,2,0.157531,-0.000891472,2,1.86862,-0.00337229,2,19.9325,-0.00567483
1,0.0207898,6.72149e-09,2,0.157021,-0.000878106,2,1.86719,-0.00334922,2,19.9304,-0.00566866
1,0.0207898,5.7248e-09,2,0.156516,-0.00086509,2,1.86577,-0.0033265,2,19.9284,-0.00566301
1,0.0207898,4.8759e-09,2,0.156017,-0.00085241,2,1.86435,-0.00330411,2,19.9264,-0.00565737
1,0.0207898,4.15287e-09,2,0.155523,-0.000840051,2,1.86294,-0.00328204,2,19.9243,-0.00565123
1,0.0207898,3.53706e-09,2,0.155033,-0.000828001,2,1.86155,-0.0032603,2,19.9223,-0.00564561
1,0.0207898,3.01257e-09,2,0.154549,-0.000816245,2,1.86016,-0.00323887,2,19.9203,-0.00564001
1,0.0207898,2.56585e-09,2,0.15407,-0.000804774,2,1.85877,-0.00321775,2,19.9181,-0.00563391
1,0.0207898,2.18537e-09,2,0.153595,-0.000793575,2,1.8574,-0.00319692,2,19.9162,-0.00562832
1,0.0207898,1.86132e-09,2,0.153125,-0.000782637,2,1.85603,-0.00317639,2,19.9142,-0.00562275
1,0.0207898,1.58531e-09,2,0.15266,-0.000771952,2,1.85467,-0.00315615,2,19.9121,-0.00561668
1,0.0207898,1.35023e-09,2,0.152199,-0.000761508,2,1.85332,-0.00313619,2,19.9101,-0.00561113
1,0.0207898,1.15001e-09,2,0.151743,-0.000751298,2,1.85197,-0.00311651,2,19.9081,-0.00560559
1,0.0207898,9.79484e-10,2,0.151292,-0.000741312,2,1.85064,-0.0030971,2,19.906,-0.00559956
1,0.0207898,8.34241e-10,2,0.150845,-0.000731543,2,1.84931,-0.00307795,2,19.904,-0.00559404
1,0.0207898,7.10536e-10,2,0.150402,-0.000721983,2,1.84798,-0.00305906,2,19.9021,-0.00558853
1,0.0207898,6.05174e-10,2,0.149963,-0.000712624,2,1.84667,-0.00304043,2,19.8999,-0.00558253
1,0.0207898,5.15436e-10,2,0.149529,-0.00070346,2,1.84536,-0.00302205,2,19.898,-0.00557704
1,0.0207898,4.39004e-10,2,0.149098,-0.000694483,2,1.84405,-0.00300391,2,19.896,-0.00557157
1,0.0207898,3.73907e-10,2,0.148672,-0.000685688,2,1.84276,-0.00298602,2,19.8939,-0.0055656
1,0.0207898,3.18462e-10,2,0.14825,-0.000677069,2,1.84147,-0.00296836,2,19.892,-0.00556015
1,0.0207898,2.71239e-10,2,0.147832,-0.00066862,2,1.84019,-0.00295093,2,19.89,-0.0055547
1,0.0207898,2.31018e-10,2,0.147418,-0.000660335,2,1.83891,-0.00293373,2,19.8879,-0.00554878
1,0.0207898,1.96762e-10,2,0.147008,-0.000652209,2,1.83764,-0.00291675,2,19.8859,-0.00554335
1,0.0207898,1.67585e-10,2,0.146602,-0.000644237,2,1.83638,-0.00289999,2,19.884,-0.00553794
1,0.0207898,1.42734e-10,2,0.146199,-0.000636414,2,1.83512,-0.00288344,2,19.8819,-0.00553204
1,0.0207898,1.21569e-10,2,0.145801,-0.000628736,2,1.83387,-0.0028671,2,19.8799,-0.00552665
1,0.0207898,1.03542e-10,2,0.145406,-0.000621199,2,1.83262,-0.00285097,2,19.878,-0.00552127
1,0.0207898,8.81884e-11,2,0.145015,-0.000613798,2,1.83138,-0.00283504,2,19.8759,-0.00551541
1,0.0207898,7.51115e-11,2,0.144627,-0.000606528,2,1.83015,-0.0028193,2,19.874,-0.00551005
1,0.0207898,6.39735e-11,2,0.144243,-0.000599387,2,1.82892,-0.00280377,2,19.872,-0.0055047
1,0.0207898,5.44872e-11,2,0.143863,-0.000592371,2,1.8277,-0.00278842,2,19.8699,-0.00549887
1,0.0207898,4.64076e-11,2,0.143486,-0.000585476,2,1.82648,-0.00277326,2,19.868,-0.00549354
1,0.0207898,3.9526e-11,2,0.143112,-0.000578698,2,1.82527,-0.00275828,2,19.8661,-0.00548822
1,0.0207898,3.36649e-11,2,0.142743,-0.000572035,2,1.82406,-0.00274349,2,19.864,-0.00548243
1,0.0207898,2.86729e-11,2,0.142376,-0.000565483,2,1.82286,-0.00272887,2,19.862,-0.00547713
1,0.0207898,2.44212e-11,2,0.142013,-0.000559039,2,1.82167,-0.00271443,2,19.8601,-0.00547184
1,0.0207898,2.07999e-11,2,0.141653,-0.000552701,2,1.82048,-0.00270016,2,19.858,-0.00546608
1,0.0207898,1.77155e-11,2,0.141297,-0.000546465,2,1.8193,-0.00268605,2,19.8561,-0.00546081
1,0.0207898,1.50885e-11,2,0.140944,-0.000540329,2,1.81812,-0.00267211,2,19.8542,-0.00545555
1,0.0207898,1.28512e-11,2,0.140594,-0.000534291,2,1.81694,-0.00265834,2,19.8521,-0.00544982
1,0.0207898,1.09455e-11,2,0.140247,-0.000528347,2,1.81577,-0.00264472,2,19.8502,-0.00544458
1,0.0207898,9.32245e-12,2,0.139904,-0.000522495,2,1.81461,-0.00263126,2,19.8483,-0.00543935
1,0.0207898,7.94011e-12,2,0.139564,-0.000516734,2,1.81345,-0.00261795,2,19.8462,-0.00543366
1,0.0207898,6.76274e-12,2,0.139227,-0.000511061,2,1.8123,-0.00260479,2,19.8443,-0.00542845
1,0.0207898,5.75991e-12,2,0.138892,-0.000505473,2,1.81115,-0.00259178,2,19.8424,-0.00542325
1,0.0207898,4.90588e-12,2,0.138562,-0.000499969,2,1.81,-0.00257892,2,19.8403,-0.00541759
1,0.0207898,4.17837e-12,2,0.138234,-0.000494546,2,1.80886,-0.0025662,2,19.8384,-0.00541241
1,0.0207898,3.55866e-12,2,0.137909,-0.000489204,2,1.80773,-0.00255362,2,19.8365,-0.00540723
1,0.0207898,3.03101e-12,2,0.137587,-0.000483939,2,1.8066,-0.00254118,2,19.8344,-0.00540161
1,0.0207898,2.58155e-12,2,0.137268,-0.00047875,2,1.80547,-0.00252888,2,19.8325,-0.00539646
1,0.0207898,2.19875e-12,2,0.136952,-0.000473635,2,1.80435,-0.00251671,2,19.8306,-0.00539131
1,0.0207898,1.87274e-12,2,0.136638,-0.000468594,2,1.80323,-0.00250467,2,19.8286,-0.00538572
1,0.0207898,1.59504e-12,2,0.136328,-0.000463623,2,1.80212,-0.00249276,2,19.8267,-0.0053806
1,0.0207898,1.35854e-12,2,0.136021,-0.000458721,2,1.80101,-0.00248098,2,19.8248,-0.00537548
1,0.0207898,1.15708e-12,2,0.135716,-0.000453888,2,1.79991,-0.00246932,2,19.8227,-0.00536992
1,0.0207898,9.85502e-13,2,0.135414,-0.000449121,2,1.79881,-0.00245779,2,19.8208,-0.00536483
1,0.0207898,8.39348e-13,2,0.135115,-0.000444419,2,1.79771,-0.00244638,2,19.8189,-0.00535974
1,0.0207898,7.14858e-13,2,0.134818,-0.000439781,2,1.79662,-0.00243508,2,19.8169,-0.00535421
1,0.0207898,6.08886e-13,2,0.134525,-0.000435205,2,1.79553,-0.00242391,2,19.815,-0.00534915
1,0.0207898,5.18611e-13,2,0.134234,-0.00043069,2,1.79445,-0.00241285,2,19.8131,-0.00534409
1,0.0207898,4.41718e-13,2,0.133945,-0.000426235,2,1.79337,-0.0024019,2,19.8111,-0.00533859
1,0.0207898,3.76218e-13,2,0.13366,-0.000421838,2,1.79229,-0.00239106,2,19.8092,-0.00533356
1,0.0207898,3.20375e-13,2,0.133376,-0.000417499,2,1.79122,-0.00238034,2,19.8073,-0.00532853
1,0.0207898,2.72814e-13,2,0.133096,-0.000413216,2,1.79015,-0.00236972,2,19.8053,-0.00532306
1,0.0207898,2.32379e-13,2,0.132818,-0.000408988,2,1.78909,-0.00235921,2,19.8034,-0.00531805
1,0.0207898,1.97911e-13,2,0.132542,-0.000404814,2,1.78803,-0.00234881,2,19.8015,-0.00531306
1,0.0207898,1.68578e-13,2,0.132269,-0.000400693,2,1.78698,-0.0023385,2,19.7995,-0.00530761
1,0.0207898,1.43586e-13,2,0.131999,-0.000396625,2,1.78592,-0.0023283,2,19.7976,-0.00530264
1,0.0207898,1.22284e-13,2,0.131731,-0.000392607,2,1.78487,-0.0023182,2,19.7958,-0.00529767
1,0.0207898,1.04163e-13,2,0.131465,-0.000388639,2,1.78383,-0.0023082,2,19.7937,-0.00529226
1,0.0207898,8.87198e-14,2,0.131202,-0.00038472,2,1.78279,-0.00229829,2,19.7919,-0.00528731
1,0.0207898,7.55908e-14,2,0.130941,-0.00038085,2,1.78175,-0.00228848,2,19.79,-0.00528237
1,0.0207898,6.4415e-14,2,0.130683,-0.000377027,2,1.78072,-0.00227877,2,19.788,-0.00527699
1,0.0207898,5.48305e-14,2,0.130427,-0.00037325,2,1.77969,-0.00226914,2,19.7861,-0.00527206
1,0.0207898,4.66927e-14,2,0.130173,-0.000369519,2,1.77866,-0.00225961,2,19.7843,-0.00526715
1,0.0207898,3.97485e-14,2,0.129922,-0.000365833,2,1.77764,-0.00225017,2,19.7822,-0.0052618
1,0.0207898,3.39255e-14,2,0.129673,-0.000362191,2,1.77662,-0.00224082,2,19.7804,-0.00525691
1,0.0207898,2.8862e-14,2,0.129426,-0.000358592,2,1.7756,-0.00223155,2,19.7785,-0.00525202
1,0.0207898,2.4558e-14,2,0.129181,-0.000355036,2,1.77459,-0.00222237,2,19.7765,-0.0052467
1,0.0207898,2.09412e-14,2,0.128939,-0.000351522,2,1.77357,-0.00221327,2,19.7747,-0.00524183
1,0.0207898,1.78669e-14,2,0.128699,-0.000348048,2,1.77257,-0.00220426,2,19.7728,-0.00523698
1,0.0207898,1.52267e-14,2,0.128461,-0.000344615,2,1.77156,-0.00219533,2,19.7708,-0.00523169
1,0.0207898,1.29843e-14,2,0.128225,-0.000341222,2,1.77056,-0.00218648,2,19.769,-0.00522685
1,0.0207898,1.10312e-14,2,0.127991,-0.000337868,2,1.76957,-0.00217771,2,19.7671,-0.00522201
1,0.0207898,9.43981e-15,2,0.12776,-0.000334553,2,1.76857,-0.00216902,2,19.7651,-0.00521675
1,0.0207898,8.06543e-15,2,0.12753,-0.000331275,2,1.76758,-0.00216041,2,19.7633,-0.00521194
1,0.0207898,6.79956e-15,2,0.127303,-0.000328035,2,1.7666,-0.00215187,2,19.7614,-0.00520714
1,0.0207898,5.89536e-15,2,0.127078,-0.000324831,2,1.76561,-0.00214341,2,19.7594,-0.00520191
1,0.0207898,4.955e-15,2,0.126854,-0.000321664,2,1.76463,-0.00213503,2,19.7576,-0.00519712
1,0.0207898,4.34014e-15,2,0.126633,-0.000318531,2,1.76365,-0.00212671,2,19.7558,-0.00519234
1,0.0207898,3.68912e-15,2,0.126414,-0.000315434,2,1.76268,-0.00211847,2,19.7538,-0.00518714
1,0.0207898,3.21894e-15,2,0.126197,-0.000312372,2,1.7617,-0.0021103,2,19.7519,-0.00518238
1,0.0207898,2.89343e-15,2,0.125981,-0.000309343,2,1.76073,-0.00210221,2,19.7501,-0.00517763
1,0.0207898,2.64025e-15,2,0.125768,-0.000306347,2,1.75977,-0.00209418,2,19.7481,-0.00517246
1,0.0207898,2.31474e-15,2,0.125557,-0.000303385,2,1.7588,-0.00208622,2,19.7463,-0.00516772
1,0.0207898,1.98923e-15,2,0.125347,-0.000300455,2,1.75784,-0.00207832,2,19.7445,-0.005163
1,0.0207898,1.73606e-15,2,0.12514,-0.000297557,2,1.75688,-0.0020705,2,19.7425,-0.00515785
1,0.0207898,1.48288e-15,2,0.124934,-0.00029469,2,1.75593,-0.00206273,2,19.7407,-0.00515315
1,0.0207898,1.48288e-15,2,0.12473,-0.000291854,2,1.75498,-0.00205504,2,19.7388,-0.00514845
1,0.0207898,1.48288e-15,2,0.124528,-0.000289049,2,1.75403,-0.00204741,2,19.7369,-0.00514333
1,0.0207898,1.48288e-15,2,0.124328,-0.000286275,2,1.75308,-0.00203984,2,19.735,-0.00513865
1,0.0207898,1.48288e-15,2,0.12413,-0.000283529,2,1.75214,-0.00203233,2,19.7332,-0.00513398
1,0.0207898,1.48288e-15,2,0.123933,-0.000280813,2,1.7512,-0.00202488,2,19.7312,-0.00512889
1,0.0207898,1.48288e-15,2,0.123739,-0.000278126,2,1.75026,-0.0020175,2,19.7294,-0.00512423
1,0.0207898,1.48288e-15,2,0.123546,-0.000275468,2,1.74932,-0.00201017,2,19.7276,-0.00511959
1,0.0207898,1.37438e-15,2,0.123355,-0.000272837,2,1.74839,-0.00200291,2,19.7256,-0.00511453
1,0.0207898,1.30204e-15,2,0.123165,-0.000270235,2,1.74746,-0.0019957,2,19.7238,-0.0051099
1,0.0207898,1.30204e-15,2,0.122977,-0.000267659,2,1.74653,-0.00198855,2,19.722,-0.00510528
1,0.0207898,1.30204e-15,2,0.122791,-0.000265111,2,1.7456,-0.00198146,2,19.7201,-0.00510024
1,0.0207898,1.30204e-15,2,0.122607,-0.000262589,2,1.74468,-0.00197442,2,19.7183,-0.00509564
1,0.0207898,1.30204e-15,2,0.122424,-0.000260093,2,1.74376,-0.00196744,2,19.7165,-0.00509104
1,0.0207898,1.30204e-15,2,0.122243,-0.000257624,2,1.74284,-0.00196051,2,19.7145,-0.00508604
1,0.0207898,1.30204e-15,2,0.122064,-0.00025518,2,1.74193,-0.00195364,2,19.7127,-0.00508146
1,0.0207898,1.30204e-15,2,0.121886,-0.000252761,2,1.74101,-0.00194682,2,19.7109,-0.00507689
1,0.0207898,1.30204e-15,2,0.12171,-0.000250367,2,1.7401,-0.00194005,2,19.7089,-0.00507191
1,0.0207898,1.30204e-15,2,0.121536,-0.000247998,2,1.73919,-0.00193333,2,19.7072,-0.00506736
1,0.0207898,1.30204e-15,2,0.121363,-0.000245653,2,1.73829,-0.00192667,2,19.7054,-0.00506281
1,0.0207898,1.30204e-15,2,0.121191,-0.000243332,2,1.73739,-0.00192005,2,19.7034,-0.00505786
1,0.0207898,1.30204e-15,2,0.121022,-0.000241034,2,1.73648,-0.00191349,2,19.7016,-0.00505333
1,0.0207898,1.30204e-15,2,0.120853,-0.00023876,2,1.73559,-0.00190698,2,19.6998,-0.00504881
1,0.0207898,1.30204e-15,2,0.120687,-0.000236509,2,1.73469,-0.00190051,2,19.6979,-0.00504389
1,0.0207898,1.30204e-15,2,0.120521,-0.000234281,2,1.7338,-0.00189409,2,19.6961,-0.00503939
1,0.0207898,1.30204e-15,2,0.120358,-0.000232076,2,1.7329,-0.00188773,2,19.6943,-0.00503489
1,0.0207898,1.30204e-15,2,0.120195,-0.000229892,2,1.73202,-0.0018814,2,19.6924,-0.00502999
1,0.0207898,1.30204e-15,2,0.120035,-0.000227731,2,1.73113,-0.00187513,2,19.6906,-0.00502551
1,0.0207898,1.30204e-15,2,0.119875,-0.000225591,2,1.73024,-0.0018689,2,19.6888,-0.00502104
1,0.0207898,1.30204e-15,2,0.119717,-0.000223473,2,1.72936,-0.00186271,2,19.6869,-0.00501617
1,0.0207898,1.30204e-15,2,0.119561,-0.000221376,2,1.72848,-0.00185657,2,19.6851,-0.00501172
1,0.0207898,1.30204e-15,2,0.119406,-0.0002193,2,1.7276,-0.00185048,2,19.6833,-0.00500727
1,0.0207898,1.30204e-15,2,0.119252,-0.000217244,2,1.72673,-0.00184443,2,19.6814,-0.00500243
1,0.0207898,1.30204e-15,2,0.1191,-0.00021521,2,1.72585,-0.00183842,2,19.6796,-0.004998
1,0.0207898,1.30204e-15,2,0.118949,-0.000213195,2,1.72498,-0.00183246,2,19.6779,-0.00499357
1,0.0207898,1.30204e-15,2,0.1188,-0.0002112,2,1.72411,-0.00182653,2,19.6759,-0.00498876
1,0.0207898,1.30204e-15,2,0.118652,-0.000209225,2,1.72325,-0.00182065,2,19.6742,-0.00498435
1,0.0207898,1.30204e-15,2,0.118505,-0.000207269,2,1.72238,-0.00181481,2,19.6724,-0.00497995
1,0.0207898,1.30204e-15,2,0.11836,-0.000205333,2,1.72152,-0.00180902,2,19.6705,-0.00497516
1,0.0207898,1.30204e-15,2,0.118215,-0.000203416,2,1.72066,-0.00180326,2,19.6687,-0.00497078
1,0.0207898,1.30204e-15,2,0.118073,-0.000201517,2,1.7198,-0.00179754,2,19.6669,-0.0049664
1,0.0207898,1.30204e-15,2,0.117931,-0.000199638,2,1.71894,-0.00179186,2,19.665,-0.00496164
1,0.0207898,1.30204e-15,2,0.117791,-0.000197776,2,1.71809,-0.00178622,2,19.6633,-0.00495728
1,0.0207898,1.30204e-15,2,0.117652,-0.000195933,2,1.71723,-0.00178062,2,19.6615,-0.00495293
1,0.0207898,1.30204e-15,2,0.117514,-0.000194108,2,1.71638,-0.00177506,2,19.6596,-0.00494819
1,0.0207898,1.30204e-15,2,0.117378,-0.000192301,2,1.71553,-0.00176953,2,19.6578,-0.00494385
1,0.0207898,1.30204e-15,2,0.117243,-0.000190511,2,1.71469,-0.00176405,2,19.6561,-0.00493952
1,0.0207898,1.30204e-15,2,0.117109,-0.000188739,2,1.71384,-0.0017586,2,19.6542,-0.00493481
1,0.0207898,1.30204e-15,2,0.116976,-0.000186984,2,1.713,-0.00175318,2,19.6524,-0.0049305
1,0.0207898,1.30204e-15,2,0.116844,-0.000185246,2,1.71216,-0.0017478,2,19.6507,-0.00492619
1,0.0207898,1.30204e-15,2,0.116714,-0.000183525,2,1.71132,-0.00174246,2,19.6488,-0.0049215
1,0.0207898,1.30204e-15,2,0.116585,-0.00018182,2,1.71048,-0.00173715,2,19.647,-0.00491721
1,0.0207898,1.30204e-15,2,0.116457,-0.000180132,2,1.70965,-0.00173188,2,19.6453,-0.00491293
1,0.0207898,1.30204e-15,2,0.11633,-0.00017846,2,1.70881,-0.00172665,2,19.6434,-0.00490827
1,0.0207898,1.30204e-15,2,0.116204,-0.000176805,2,1.70798,-0.00172144,2,19.6416,-0.004904
1,0.0207898,1.30204e-15,2,0.11608,-0.000175165,2,1.70715,-0.00171627,2,19.6399,-0.00489974
1,0.0207898,1.30204e-15,2,0.115956,-0.000173541,2,1.70632,-0.00171114,2,19.638,-0.00489511
1,0.0207898,1.30204e-15,2,0.115834,-0.000171933,2,1.7055,-0.00170604,2,19.6363,-0.00489086
1,0.0207898,1.30204e-15,2,0.115713,-0.00017034,2,1.70467,-0.00170097,2,19.6345,-0.00488662
1,0.0207898,1.30204e-15,2,0.115593,-0.000168763,2,1.70385,-0.00169593,2,19.6326,-0.00488201
1,0.0207898,1.30204e-15,2,0.115474,-0.0001672,2,1.70303,-0.00169092,2,19.6309,-0.00487779
1,0.0207898,1.30204e-15,2,0.115356,-0.000165653,2,1.70221,-0.00168595,2,19.6292,-0.00487358
1,0.0207898,1.30204e-15,2,0.115239,-0.00016412,2,1.7014,-0.00168101,2,19.6273,-0.00486899
1,0.0207898,1.30204e-15,2,0.115123,-0.000162602,2,1.70058,-0.0016761,2,19.6256,-0.00486479
1,0.0207898,1.30204e-15,2,0.115009,-0.000161098,2,1.69977,-0.00167122,2,19.6238,-0.0048606
1,0.0207898,1.30204e-15,2,0.114895,-0.000159609,2,1.69896,-0.00166637,2,19.6219,-0.00485604
1,0.0207898,1.30204e-15,2,0.114782,-0.000158134,2,1.69815,-0.00166155,2,19.6202,-0.00485186
1,0.0207898,1.30204e-15,2,0.114671,-0.000156673,2,1.69734,-0.00165676,2,19.6185,-0.00484769
1,0.0207898,1.30204e-15,2,0.11456,-0.000155226,2,1.69653,-0.001652,2,19.6166,-0.00484315
1,0.0207898,1.30204e-15,2,0.11445,-0.000153793,2,1.69573,-0.00164727,2,19.6149,-0.004839
1,0.0207898,1.30204e-15,2,0.114342,-0.000152373,2,1.69492,-0.00164257,2,19.6132,-0.00483485
1,0.0207898,1.30204e-15,2,0.114234,-0.000150967,2,1.69412,-0.0016379,2,19.6113,-0.00483033
1,0.0207898,1.30204e-15,2,0.114127,-0.000149574,2,1.69332,-0.00163325,2,19.6096,-0.0048262
1,0.0207898,1.30204e-15,2,0.114022,-0.000148194,2,1.69253,-0.00162863,2,19.6079,-0.00482208
1,0.0207898,1.30204e-15,2,0.113917,-0.000146828,2,1.69173,-0.00162405,2,19.606,-0.00481759
1,0.0207898,1.30204e-15,2,0.113813,-0.000145474,2,1.69093,-0.00161949,2,19.6043,-0.00481348
1,0.0207898,1.30204e-15,2,0.11371,-0.000144133,2,1.69014,-0.00161495,2,19.6026,-0.00480937
1,0.0207898,1.30204e-15,2,0.113608,-0.000142805,2,1.68935,-0.00161044,2,19.6007,-0.0048049
1,0.0207898,1.30204e-15,2,0.113507,-0.000141489,2,1.68856,-0.00160596,2,19.599,-0.00480082
1,0.0207898,1.30204e-15,2,0.113407,-0.000140186,2,1.68777,-0.00160151,2,19.5973,-0.00479673
1,0.0207898,1.30204e-15,2,0.113308,-0.000138895,2,1.68699,-0.00159708,2,19.5954,-0.00479229
1,0.0207898,1.30204e-15,2,0.11321,-0.000137616,2,1.6862,-0.00159268,2,19.5937,-0.00478822
1,0.0207898,1.30204e-15,2,0.113113,-0.000136349,2,1.68542,-0.00158831,2,19.592,-0.00478416
1,0.0207898,1.30204e-15,2,0.113016,-0.000135094,2,1.68464,-0.00158396,2,19.5902,-0.00477974
1,0.0207898,1.30204e-15,2,0.112921,-0.000133851,2,1.68386,-0.00157963,2,19.5885,-0.0047757
1,0.0207898,1.30204e-15,2,0.112826,-0.00013262,2,1.68308,-0.00157533,2,19.5868,-0.00477166
1,0.0207898,1.30204e-15,2,0.112732,-0.0001314,2,1.6823,-0.00157106,2,19.5849,-0.00476726
1,0.0207898,1.30204e-15,2,0.112639,-0.000130192,2,1.68152,-0.00156681,2,19.5832,-0.00476324
1,0.0207898,1.30204e-15,2,0.112547,-0.000128994,2,1.68075,-0.00156258,2,19.5815,-0.00475922
1,0.0207898,1.30204e-15,2,0.112455,-0.000127809,2,1.67998,-0.00155838,2,19.5797,-0.00475485
1,0.0207898,1.30204e-15,2,0.112365,-0.000126634,2,1.67921,-0.0015542,2,19.578,-0.00475084
1,0.0207898,1.30204e-15,2,0.112275,-0.00012547,2,1.67844,-0.00155004,2,19.5763,-0.00474685
1,0.0207898,1.30204e-15,2,0.112186,-0.000124317,2,1.67767,-0.00154591,2,19.5745,-0.0047425
1,0.0207898,1.30204e-15,2,0.112098,-0.000123175,2,1.6769,-0.0015418,2,19.5728,-0.00473851
1,0.0207898,1.30204e-15,2,0.112011,-0.000122044,2,1.67614,-0.00153772,2,19.5711,-0.00473454
1,0.0207898,1.30204e-15,2,0.111924,-0.000120923,2,1.67537,-0.00153366,2,19.5692,-0.00473021
1,0.0207898,1.30204e-15,2,0.111839,-0.000119813,2,1.67461,-0.00152962,2,19.5676,-0.00472625
1,0.0207898,1.30204e-15,2,0.111754,-0.000118713,2,1.67385,-0.0015256,2,19.5659,-0.00472229
1,0.0207898,1.30204e-15,2,0.11167,-0.000117623,2,1.67309,-0.0015216,2,19.564,-0.00471799
1,0.0207898,1.30204e-15,2,0.111586,-0.000116544,2,1.67233,-0.00151763,2,19.5624,-0.00471405
1,0.0207898,1.30204e-15,2,0.111504,-0.000115474,2,1.67158,-0.00151368,2,19.5607,-0.00471011
1,0.0207898,1.30204e-15,2,0.111422,-0.000114415,2,1.67082,-0.00150975,2,19.5588,-0.00470583
1,0.0207898,1.30204e-15,2,0.111341,-0.000113365,2,1.67007,-0.00150584,2,19.5572,-0.00470191
1,0.0207898,1.30204e-15,2,0.11126,-0.000112325,2,1.66931,-0.00150195,2,19.5555,-0.004698
1,0.0207898,1.30204e-15,2,0.111181,-0.000111295,2,1.66856,-0.00149808,2,19.5537,-0.00469374
1,0.0207898,1.30204e-15,2,0.111102,-0.000110275,2,1.66781,-0.00149424,2,19.552,-0.00468984
1,0.0207898,1.30204e-15,2,0.111023,-0.000109264,2,1.66707,-0.00149041,2,19.5503,-0.00468594
1,0.0207898,1.30204e-15,2,0.110946,-0.000108262,2,1.66632,-0.00148661,2,19.5485,-0.0046817
1,0.0207898,1.30204e-15,2,0.110869,-0.00010727,2,1.66557,-0.00148282,2,19.5468,-0.00467782
1,0.0207898,1.30204e-15,2,0.110793,-0.000106287,2,1.66483,-0.00147906,2,19.5452,-0.00467395
1,0.0207898,1.30204e-15,2,0.110718,-0.000105313,2,1.66409,-0.00147531,2,19.5433,-0.00466974
1,0.0207898,1.30204e-15,2,0.110643,-0.000104348,2,1.66335,-0.00147159,2,19.5417,-0.00466588
1,0.0207898,1.30204e-15,2,0.110569,-0.000103392,2,1.66261,-0.00146788,2,19.54,-0.00466202
1,0.0207898,1.30204e-15,2,0.110495,-0.000102445,2,1.66187,-0.00146419,2,19.5382,-0.00465783
1,0.0207898,1.30204e-15,2,0.110423,-0.000101506,2,1.66113,-0.00146053,2,19.5365,-0.00465399
1,0.0207898,1.30204e-15,2,0.110351,-0.000100577,2,1.66039,-0.00145688,2,19.5349,-0.00465016
1,0.0207898,1.30204e-15,2,0.110279,-9.96557e-05,2,1.65966,-0.00145325,2,19.5331,-0.00464598
1,0.0207898,1.30204e-15,2,0.110208,-9.87432e-05,2,1.65893,-0.00144964,2,19.5314,-0.00464216
1,0.0207898,1.30204e-15,2,0.110138,-9.78392e-05,2,1.65819,-0.00144605,2,19.5298,-0.00463835
1,0.0207898,1.30204e-15,2,0.110069,-9.69435e-05,2,1.65746,-0.00144247,2,19.5279,-0.0046342
1,0.0207898,1.30204e-15,2,0.11,-9.60562e-05,2,1.65673,-0.00143892,2,19.5263,-0.0046304
1,0.0207898,1.30204e-15,2,0.109932,-9.51771e-05,2,1.656,-0.00143538,2,19.5246,-0.0046266
1,0.0207898,1.30204e-15,2,0.109864,-9.43061e-05,2,1.65528,-0.00143186,2,19.5228,-0.00462247
1,0.0207898,1.30204e-15,2,0.109797,-9.34431e-05,2,1.65455,-0.00142836,2,19.5212,-0.00461869
1,0.0207898,1.30204e-15,2,0.109731,-9.25882e-05,2,1.65383,-0.00142488,2,19.5195,-0.00461492
1,0.0207898,1.30204e-15,2,0.109665,-9.17411e-05,2,1.6531,-0.00142141,2,19.5177,-0.00461081
1,0.0207898,1.30204e-15,2,0.1096,-9.09019e-05,2,1.65238,-0.00141796,2,19.5161,-0.00460705
1,0.0207898,1.30204e-15,2,0.109535,-9.00705e-05,2,1.65166,-0.00141453,2,19.5144,-0.0046033
1,0.0207898,1.30204e-15,2,0.109471,-8.92467e-05,2,1.65094,-0.00141111,2,19.5127,-0.00459921
1,0.0207898,1.30204e-15,2,0.109408,-8.84305e-05,2,1.65022,-0.00140772,2,19.511,-0.00459547
1,0.0207898,1.30204e-15,2,0.109345,-8.76219e-05,2,1.64951,-0.00140433,2,19.5094,-0.00459173
1,0.0207898,1.30204e-15,2,0.109283,-8.68207e-05,2,1.64879,-0.00140097,2,19.5076,-0.00458766
1,0.0207898,1.30204e-15,2,0.109221,-8.6027e-05,2,1.64808,-0.00139762,2,19.5059,-0.00458394
1,0.0207898,1.30204e-15,2,0.10916,-8.52405e-05,2,1.64736,-0.00139429,2,19.5043,-0.00458022
1,0.0207898,1.30204e-15,2,0.109099,-8.44613e-05,2,1.64665,-0.00139097,2,19.5025,-0.00457618
1,0.0207898,1.30204e-15,2,0.109039,-8.36893e-05,2,1.64594,-0.00138768,2,19.5009,-0.00457247
1,0.0207898,1.30204e-15,2,0.108979,-8.29244e-05,2,1.64523,-0.00138439,2,19.4992,-0.00456878
1,0.0207898,1.30204e-15,2,0.10892,-8.21666e-05,2,1.64452,-0.00138112,2,19.4975,-0.00456475
1,0.0207898,1.30204e-15,2,0.108862,-8.14158e-05,2,1.64381,-0.00137787,2,19.4958,-0.00456107
1,0.0207898,1.30204e-15,2,0.108804,-8.06718e-05,2,1.64311,-0.00137464,2,19.4942,-0.00455739
1,0.0207898,1.30204e-15,2,0.108747,-7.99348e-05,2,1.6424,-0.00137142,2,19.4924,-0.00455338
1,0.0207898,1.30204e-15,2,0.10869,-7.92045e-05,2,1.6417,-0.00136821,2,19.4908,-0.00454972
1,0.0207898,1.30204e-15,2,0.108634,-7.8481e-05,2,1.641,-0.00136502,2,19.4892,-0.00454606
1,0.0207898,1.30204e-15,2,0.108578,-7.77641e-05,2,1.64029,-0.00136184,2,19.4874,-0.00454207
1,0.0207898,1.30204e-15,2,0.108522,-7.70538e-05,2,1.63959,-0.00135868,2,19.4858,-0.00453843
1,0.0207898,1.30204e-15,2,0.108468,-7.635e-05,2,1.63889,-0.00135554,2,19.4841,-0.00453478
1,0.0207898,1.30204e-15,2,0.108413,-7.56528e-05,2,1.6382,-0.00135241,2,19.4824,-0.00453082
1,0.0207898,1.30204e-15,2,0.108359,-7.49619e-05,2,1.6375,-0.00134929,2,19.4808,-0.00452719
1,0.0207898,1.30204e-15,2,0.108306,-7.42774e-05,2,1.6368,-0.00134619,2,19.4791,-0.00452357
1,0.0207898,1.30204e-15,2,0.108253,-7.35992e-05,2,1.63611,-0.00134311,2,19.4774,-0.00451962
1,0.0207898,1.30204e-15,2,0.108201,-7.29272e-05,2,1.63541,-0.00134003,2,19.4757,-0.00451601
1,0.0207898,1.30204e-15,2,0.108149,-7.22615e-05,2,1.63472,-0.00133697,2,19.4741,-0.00451241
1,0.0207898,1.30204e-15,2,0.108098,-7.16018e-05,2,1.63403,-0.00133393,2,19.4724,-0.00450848
1,0.0207898,1.30204e-15,2,0.108047,-7.09482e-05,2,1.63334,-0.0013309,2,19.4708,-0.00450489
1,0.0207898,1.30204e-15,2,0.107996,-7.03006e-05,2,1.63265,-0.00132788,2,19.4691,-0.00450131
1,0.0207898,1.30204e-15,2,0.107946,-6.9659e-05,2,1.63196,-0.00132488,2,19.4674,-0.0044974
1,0.0207898,1.30204e-15,2,0.107896,-6.90232e-05,2,1.63127,-0.00132189,2,19.4658,-0.00449383
1,0.0207898,1.30204e-15,2,0.107847,-6.83933e-05,2,1.63059,-0.00131892,2,19.4642,-0.00449026
1,0.0207898,1.30204e-15,2,0.107799,-6.77692e-05,2,1.6299,-0.00131595,2,19.4624,-0.00448637
1,0.0207898,1.30204e-15,2,0.10775,-6.71508e-05,2,1.62922,-0.00131301,2,19.4608,-0.00448282
1,0.0207898,1.30204e-15,2,0.107703,-6.65381e-05,2,1.62854,-0.00131007,2,19.4592,-0.00447927
1,0.0207898,1.30204e-15,2,0.107655,-6.5931e-05,2,1.62785,-0.00130715,2,19.4574,-0.0044754
1,0.0207898,1.30204e-15,2,0.107608,-6.53295e-05,2,1.62717,-0.00130424,2,19.4558,-0.00447187
1,0.0207898,1.30204e-15,2,0.107562,-6.47335e-05,2,1.62649,-0.00130134,2,19.4542,-0.00446833
1,0.0207898,1.30204e-15,2,0.107516,-6.4143e-05,2,1.62581,-0.00129846,2,19.4525,-0.00446449
1,0.0207898,1.30204e-15,2,0.10747,-6.35579e-05,2,1.62514,-0.00129559,2,19.4509,-0.00446097
1,0.0207898,1.30204e-15,2,0.107425,-6.29782e-05,2,1.62446,-0.00129273,2,19.4493,-0.00445745
1,0.0207898,1.30204e-15,2,0.10738,-6.24038e-05,2,1.62379,-0.00128989,2,19.4476,-0.00445362
1,0.0207898,1.30204e-15,2,0.107335,-6.18346e-05,2,1.62311,-0.00128705,2,19.446,-0.00445012
1,0.0207898,1.30204e-15,2,0.107291,-6.12707e-05,2,1.62244,-0.00128423,2,19.4444,-0.00444663
1,0.0207898,1.30204e-15,2,0.107248,-6.0712e-05,2,1.62176,-0.00128143,2,19.4426,-0.00444282
1,0.0207898,1.30204e-15,2,0.107204,-6.01583e-05,2,1.62109,-0.00127863,2,19.441,-0.00443933
1,0.0207898,1.30204e-15,2,0.107162,-5.96098e-05,2,1.62042,-0.00127585,2,19.4394,-0.00443585
1,0.0207898,1.30204e-15,2,0.107119,-5.90663e-05,2,1.61975,-0.00127308,2,19.4377,-0.00443206
1,0.0207898,1.30204e-15,2,0.107077,-5.85277e-05,2,1.61908,-0.00127032,2,19.4361,-0.0044286
1,0.0207898,1.30204e-15,2,0.107035,-5.79941e-05,2,1.61842,-0.00126757,2,19.4345,-0.00442513
1,0.0207898,1.30204e-15,2,0.106994,-5.74654e-05,2,1.61775,-0.00126483,2,19.4328,-0.00442136
1,0.0207898,1.30204e-15,2,0.106953,-5.69415e-05,2,1.61709,-0.00126211,2,19.4312,-0.00441791
1,0.0207898,1.30204e-15,2,0.106913,-5.64225e-05,2,1.61642,-0.0012594,2,19.4296,-0.00441447
1,0.0207898,1.30204e-15,2,0.106872,-5.59082e-05,2,1.61576,-0.00125669,2,19.4279,-0.00441072
1,0.0207898,1.30204e-15,2,0.106832,-5.53985e-05,2,1.6151,-0.001254,2,19.4263,-0.00440728
1,0.0207898,1.30204e-15,2,0.106793,-5.48936e-05,2,1.61443,-0.00125133,2,19.4247,-0.00440386
1,0.0207898,1.30204e-15,2,0.106754,-5.43933e-05,2,1.61377,-0.00124866,2,19.423,-0.00440012
1,0.0207898,1.30204e-15,2,0.106715,-5.38976e-05,2,1.61311,-0.001246,2,19.4214,-0.00439671
1,0.0207898,1.30204e-15,2,0.106677,-5.34064e-05,2,1.61246,-0.00124336,2,19.4198,-0.0043933
1,0.0207898,1.30204e-15,2,0.106639,-5.29197e-05,2,1.6118,-0.00124073,2,19.4181,-0.00438958
1,0.230048,0.673149,1,0.323737,0.404881,1,2.12362,0.124576,1,24.5027,0.126956
6,1.22122,-8.23941,6,3.32288,-0.645222,6,3.40913,0.0771818,6,30.7219,0.12042
7,1.23626,-8.23941,7,7.05632,-1.18711,7,9.14857,-0.0554953,7,68.5157,-0.0462118
7,1.23653,-8.23941,7,9.54048,-1.36664,7,19.1712,-0.187531,7,108.796,-0.198037
7,1.23653,-8.23941,7,10.7748,-1.36664,7,32.1733,-0.319496,7,152.772,-0.349734
7,1.23653,-8.23941,7,11.5195,-1.36664,7,41.4942,-0.327699,7,177.556,-0.396091
7,1.23653,-8.23941,7,11.9704,-1.36664,7,48.8229,-0.327699,7,190.873,-0.396091
7,1.23653,-8.23941,7,12.2433,-1.36664,7,55.0088,-0.327699,7,204.177,-0.396091
7,1.23653,-8.23941,7,12.4086,-1.36664,7,60.431,-0.327699,7,218.832,-0.396091
7,1.23653,-8.23941,7,12.5086,-1.36664,7,65.231,-0.327699,7,232.348,-0.396091
7,1.23653,-8.23941,7,12.5692,-1.36664,7,69.5516,-0.327699,7,245.784,-0.396091
7,1.23653,-8.23941,7,12.6058,-1.36664,7,73.4818,-0.327699,7,260.178,-0.396091
7,1.23653,-8.23941,7,12.628,-1.36664,7,77.0578,-0.327699,7,272.978,-0.396091
7,1.23653,-8.23941,7,12.6415,-1.36664,7,80.3488,-0.327699,7,285.289,-0.396091
7,1.23653,-8.23941,7,12.6496,-1.36664,7,83.3742,-0.327699,7,298.079,-0.396091
7,1.23653,-8.23941,7,12.6545,-1.36664,7,86.1325,-0.327699,7,309.226,-0.396091
7,1.23653,-8.23941,7,12.6575,-1.36664,7,88.5646,-0.327699,7,319.883,-0.396091
7,1.23653,-8.23941,7,12.6593,-1.36664,7,90.7475,-0.327699,7,331.025,-0.396091
7,1.23653,-8.23941,7,12.6604,-1.36664,7,92.7505,-0.327699,7,340.869,-0.396091
7,1.23653,-8.23941,7,12.6611,-1.36664,7,94.6092,-0.327699,7,350.431,-0.396091
7,1.23653,-8.23941,7,12.6615,-1.36664,7,96.3444,-0.327699,7,360.595,-0.396091
7,1.23653,-8.23941,7,12.6617,-1.36664,7,97.9699,-0.327699,7,369.693,-0.396091
7,1.23653,-8.23941,7,12.6619,-1.36664,7,99.496,-0.327699,7,378.602,-0.396091
7,1.23653,-8.23941,7,12.6619,-1.36664,7,100.93,-0.327699,7,388.102,-0.396091
7,1.23653,-8.23941,7,12.662,-1.36664,7,102.278,-0.327699,7,396.606,-0.396091
7,1.23653,-8.23941,7,12.662,-1.36664,7,103.546,-0.327699,7,404.916,-0.396091
7,1.23653,-8.23941,7,12.662,-1.36664,7,104.738,-0.327699,7,413.76,-0.396091
7,1.23653,-8.23941,7,12.6621,-1.36664,7,105.86,-0.327699,7,421.672,-0.396091
7,1.23653,-8.23941,7,12.6621,-1.36664,7,106.915,-0.327699,7,429.413,-0.396091
7,1.23653,-8.23941,7,12.6621,-1.36664,7,107.907,-0.327699,7,437.683,-0.396091
7,1.23653,-8.23941,7,12.6621,-1.36664,7,108.841,-0.327699,7,445.119,-0.396091
7,1.23653,-8.23941,7,12.6621,-1.36664,7,109.719,-0.327699,7,452.434,-0.396091
7,1.23653,-8.23941,7,12.6621,-1.36664,7,110.545,-0.327699,7,460.287,-0.396091
7,1.23653,-8.23941,7,12.6621,-1.36664,7,111.322,-0.327699,7,467.376,-0.396091
7,1.23653,-8.23941,7,12.6621,-1.36664,7,112.053,-0.327699,7,474.361,-0.396091
7,1.23653,-8.23941,7,12.6621,-1.36664,7,112.741,-0.327699,7,481.863,-0.396091
7,1.23653,-8.23941,7,12.6621,-1.36664,7,113.388,-0.327699,7,488.627,-0.396091
7,1.23653,-8.23941,7,12.6621,-1.36664,7,113.996,-0.327699,7,495.279,-0.396091
7,1.23653,-8.23941,7,12.6621,-1.36664,7,114.569,-0.327699,7,502.406,-0.396091
7,1.23653,-8.23941,7,12.6621,-1.36664,7,115.107,-0.327699,7,508.82,-0.396091
7,1.23653,-8.23941,7,12.6621,-1.36664,7,115.614,-0.327699,7,515.124,-0.396091
7,1.23653,-8.23941,7,12.6621,-1.36664,7,116.091,-0.327699,7,521.881,-0.396091
7,1.23653,-8.23941,7,12.6621,-1.36664,7,116.539,-0.327699,7,527.973,-0.396091
7,1.23653,-8.23941,7,12.6621,-1.36664,7,116.961,-0.327699,7,533.978,-0.396091
7,1.23653,-8.23941,7,12.6621,-1.36664,7,117.357,-0.327699,7,540.439,-0.396091
7,1.23653,-8.23941,7,12.6621,-1.36664,7,117.731,-0.327699,7,546.286,-0.396091
7,1.23653,-8.23941,7,12.6621,-1.36664,7,118.082,-0.327699,7,552.067,-0.396091
7,1.23653,-8.23941,7,12.6621,-1.36664,7,118.412,-0.327699,7,558.302,-0.396091
7,1.23653,-8.23941,7,12.6621,-1.36664,7,118.723,-0.327699,7,563.954,-0.396091
7,1.23653,-8.23941,7,12.6621,-1.36664,7,119.015,-0.327699,7,569.544,-0.396091
7,1.23653,-8.23941,7,12.6621,-1.36664,7,119.29,-0.327699,7,575.57,-0.396091
7,1.23653,-8.23941,7,12.6621,-1.36664,7,119.549,-0.327699,7,581.025,-0.396091
7,1.23653,-8.23941,7,12.6621,-1.36664,7,119.792,-0.327699,7,586.41,-0.396091
7,1.23653,-8.23941,7,12.6621,-1.36664,7,120.021,-0.327699,7,592.204,-0.396091
7,1.23653,-8.23941,7,12.6621,-1.36664,7,120.236,-0.327699,7,597.44,-0.396091
7,1.23653,-8.23941,7,12.6621,-1.36664,7,120.439,-0.327699,7,602.605,-0.396091
7,1.23653,-8.23941,7,12.6621,-1.36664,7,120.629,-0.327699,7,608.161,-0.396091
7,1.23653,-8.23941,7,12.6621,-1.36664,7,120.809,-0.327699,7,613.187,-0.396091
7,1.23653,-8.23941,7,12.6621,-1.36664,7,120.977,-0.327699,7,618.152,-0.396091
7,1.23653,-8.23941,7,12.6621,-1.36664,7,121.136,-0.327699,7,623.506,-0.396091
7,1.23653,-8.23941,7,12.6621,-1.36664,7,121.285,-0.327699,7,628.361,-0.396091
7,1.23653,-8.23941,7,12.6621,-1.36664,7,121.426,-0.327699,7,633.17,-0.396091
7,1.23653,-8.23941,7,12.6621,-1.36664,7,121.558,-0.327699,7,638.367,-0.396091
7,1.23653,-8.23941,7,12.6621,-1.36664,7,121.682,-0.327699,7,643.089,-0.396091
7,1.23653,-8.23941,7,12.6621,-1.36664,7,121.799,-0.327699,7,647.769,-0.396091
7,1.23653,-8.23941,7,12.6621,-1.36664,7,121.909,-0.327699,7,652.829,-0.396091
7,1.23653,-8.23941,7,12.6621,-1.36664,7,122.012,-0.327699,7,657.424,-0.396091
7,1.23653,-8.23941,7,12.6621,-1.36664,7,122.109,-0.327699,7,661.975,-0.396091
7,1.23653,-8.23941,7,12.6621,-1.36664,7,122.201,-0.327699,7,666.888,-0.396091
7,1.23653,-8.23941,7,12.6621,-1.36664,7,122.287,-0.327699,7,671.342,-0.396091
7,1.23653,-8.23941,7,12.6621,-1.36664,7,122.368,-0.327699,7,675.748,-0.396091
7,1.23653,-8.23941,7,12.6621,-1.36664,7,122.444,-0.327699,7,680.499,-0.396091
7,1.23653,-8.23941,7,12.6621,-1.36664,7,122.516,-0.327699,7,684.803,-0.396091
7,1.23653,-8.23941,7,12.6621,-1.36664,7,122.583,-0.327699,7,689.06,-0.396091
7,1.23653,-8.23941,7,12.6621,-1.36664,7,122.647,-0.327699,7,693.653,-0.396091
7,1.23653,-8.23941,7,12.6621,-1.36664,7,122.706,-0.327699,7,697.819,-0.396091
7,1.23653,-8.23941,7,12.6621,-1.36664,7,122.762,-0.327699,7,701.945,-0.396091
7,1.23653,-8.23941,7,12.6621,-1.36664,7,122.815,-0.327699,7,706.404,-0.396091
7,1.23653,-8.23941,7,12.6621,-1.36664,7,122.865,-0.327699,7,710.457,-0.396091
7,1.23653,-8.23941,7,12.6621,-1.36664,7,122.912,-0.327699,7,714.476,-0.396091
7,1.23653,-8.23941,7,12.6621,-1.36664,7,122.956,-0.327699,7,718.827,-0.396091
7,1.23653,-8.23941,7,12.6621,-1.36664,7,122.997,-0.327699,7,722.783,-0.396091
7,1.23653,-8.23941,7,12.6621,-1.36664,7,123.036,-0.327699,7,726.709,-0.396091
7,1.23653,-8.23941,7,12.6621,-1.36664,7,123.072,-0.327699,7,730.957,-0.396091
7,1.23653,-8.23941,7,12.6621,-1.36664,7,123.107,-0.327699,7,734.818,-0.396091
7,1.23653,-8.23941,7,12.6621,-1.36664,7,123.139,-0.327699,7,738.647,-0.396091
7,1.23653,-8.23941,7,12.6621,-1.36664,7,123.17,-0.327699,7,742.785,-0.396091
7,1.23653,-8.23941,7,12.6621,-1.36664,7,123.198,-0.327699,7,746.541,-0.396091
7,1.23653,-8.23941,7,12.6621,-1.36664,7,123.225,-0.327699,7,750.262,-0.396091
7,1.23653,-8.23941,7,12.6621,-1.36664,7,123.251,-0.327699,7,754.281,-0.396091
7,1.23653,-8.23941,7,12.6621,-1.36664,7,123.275,-0.327699,7,757.928,-0.396091
7,1.23653,-8.23941,7,12.6621,-1.36664,7,123.297,-0.327699,7,761.541,-0.396091
7,1.23653,-8.23941,7,12.6621,-1.36664,7,123.318,-0.327699,7,765.444,-0.396091
7,1.23653,-8.23941,7,12.6621,-1.36664,7,123.338,-0.327699,7,768.99,-0.396091
7,1.23653,-8.23941,7,12.6621,-1.36664,7,123.357,-0.327699,7,772.506,-0.396091
7,1.23653,-8.23941,7,12.6621,-1.36664,7,123.374,-0.327699,7,776.309,-0.396091
7,1.23653,-8.23941,7,12.6621,-1.36664,7,123.391,-0.327699,7,779.767,-0.396091
7,1.23653,-8.23941,7,12.6621,-1.36664,7,123.406,-0.327699,7,783.2,-0.396091
7,1.23653,-8.23941,7,12.6621,-1.36664,7,123.421,-0.327699,7,786.917,-0.396091
7,1.23653,-8.23941,7,12.6621,-1.36664,7,123.435,-0.327699,7,790.298,-0.396091
7,1.23653,-8.23941,7,12.6621,-1.36664,7,123.448,-0.327699,7,793.655,-0.396091
7,1.23653,-8.23941,7,12.6621,-1.36664,7,123.46,-0.327699,7,797.289,-0.396091
7,1.23653,-8.23941,7,12.6621,-1.36664,7,123.471,-0.327699,7,800.594,-0.396091
7,1.23653,-8.23941,7,12.6621,-1.36664,7,123.482,-0.327699,7,803.873,-0.396091
7,1.23653,-8.23941,7,12.6621,-1.36664,7,123.492,-0.327699,7,807.42,-0.396091
7,1.23653,-8.23941,7,12.6621,-1.36664,7,123.502,-0.327699,7,810.643,-0.396091
7,1.23653,-8.23941,7,12.6621,-1.36664,7,123.511,-0.327699,7,813.839,-0.396091
7,1.23653,-8.23941,7,12.6621,-1.36664,7,123.519,-0.327699,7,817.296,-0.396091
7,1.23653,-8.23941,7,12.6621,-1.36664,7,123.527,-0.327699,7,820.437,-0.396091
7,1.23653,-8.23941,7,12.6621,-1.36664,7,123.535,-0.327699,7,823.552,-0.396091
7,1.23653,-8.23941,7,12.6621,-1.36664,7,123.542,-0.327699,7,826.923,-0.396091
7,1.23653,-8.23941,7,12.6621,-1.36664,7,123.548,-0.327699,7,829.988,-0.396091
7,1.23653,-8.23941,7,12.6621,-1.36664,7,123.554,-0.327699,7,833.031,-0.396091
7,1.23653,-8.23941,7,12.6621,-1.36664,7,123.56,-0.327699,7,836.325,-0.396091
7,1.23653,-8.23941,7,12.6621,-1.36664,7,123.566,-0.327699,7,839.323,-0.396091
7,1.23653,-8.23941,7,12.6621,-1.36664,7,123.571,-0.327699,7,842.299,-0.396091
7,1.23653,-8.23941,7,12.6621,-1.36664,7,123.576,-0.327699,7,845.521,-0.396091
7,1.23653,-8.23941,7,12.6621,-1.36664,7,123.58,-0.327699,7,848.452,-0.396091
7,1.23653,-8.23941,7,12.6621,-1.36664,7,123.585,-0.327699,7,851.36,-0.396091
7,1.23653,-8.23941,7,12.6621,-1.36664,7,123.589,-0.327699,7,854.505,-0.396091
7,1.23653,-8.23941,7,12.6621,-1.36664,7,123.593,-0.327699,7,857.361,-0.396091
7,1.23653,-8.23941,7,12.6621,-1.36664,7,123.596,-0.327699,7,860.19,-0.396091
7,1.23653,-8.23941,7,12.6621,-1.36664,7,123.6,-0.327699,7,863.244,-0.396091
7,1.23653,-8.23941,7,12.6621,-1.36664,7,123.603,-0.327699,7,866.012,-0.396091
7,1.23653,-8.23941,7,12.6621,-1.36664,7,123.606,-0.327699,7,868.75,-0.396091
7,1.23653,-8.23941,7,12.6621,-1.36664,7,123.609,-0.327699,7,871.701,-0.396091
7,1.23653,-8.23941,7,12.6621,-1.36664,7,123.611,-0.327699,7,874.373,-0.396091
7,1.23653,-8.23941,7,12.6621,-1.36664,7,123.614,-0.327699,7,877.013,-0.396091
7,1.23653,-8.23941,7,12.6621,-1.36664,7,123.616,-0.327699,7,879.856,-0.396091
7,1.23653,-8.23941,7,12.6621,-1.36664,7,123.618,-0.327699,7,882.429,-0.396091
7,1.23653,-8.23941,7,12.6621,-1.36664,7,123.62,-0.327699,7,884.971,-0.396091
7,1.23653,-8.23941,7,12.6621,-1.36664,7,123.622,-0.327699,7,887.71,-0.396091
7,1.23653,-8.23941,7,12.6621,-1.36664,7,123.624,-0.327699,7,890.189,-0.396091
7,1.23653,-8.23941,7,12.6621,-1.36664,7,123.626,-0.327699,7,892.64,-0.396091
7,1.23653,-8.23941,7,12.6621,-1.36664,7,123.627,-0.327699,7,895.282,-0.396091
7,1.23653,-8.23941,7,12.6621,-1.36664,7,123.629,-0.327699,7,897.676,-0.396091
7,1.23653,-8.23941,7,12.6621,-1.36664,7,123.63,-0.327699,7,900.044,-0.396091
7,1.23653,-8.23941,7,12.6621,-1.36664,7,123.632,-0.327699,7,902.599,-0.396091
7,1.23653,-8.23941,7,12.6621,-1.36664,7,123.633,-0.327699,7,904.915,-0.396091
7,1.23653,-8.23941,7,12.6621,-1.36664,7,123.634,-0.327699,7,907.209,-0.396091
7,1.23653,-8.23941,7,12.6621,-1.36664,7,123.635,-0.327699,7,909.685,-0.396091
7,1.23653,-8.23941,7,12.6621,-1.36664,7,123.636,-0.327699,7,911.932,-0.396091
7,1.23653,-8.23941,7,12.6621,-1.36664,7,123.637,-0.327699,7,914.159,-0.396091
7,1.23653,-8.23941,7,12.6621,-1.36664,7,123.638,-0.327699,7,916.564,-0.396091
7,1.23653,-8.23941,7,12.6621,-1.36664,7,123.639,-0.327699,7,918.748,-0.396091
7,1.23653,-8.23941,7,12.6621,-1.36664,7,123.64,-0.327699,7,920.913,-0.396091
7,1.23653,-8.23941,7,12.6621,-1.36664,7,123.641,-0.327699,7,923.253,-0.396091
7,1.23653,-8.23941,7,12.6621,-1.36664,7,123.641,-0.327699,7,925.379,-0.396091
7,1.23653,-8.23941,7,12.6621,-1.36664,7,123.642,-0.327699,7,927.488,-0.396091
7,1.23653,-8.23941,7,12.6621,-1.36664,7,123.643,-0.327699,7,929.769,-0.396091
7,1.23653,-8.23941,7,12.6621,-1.36664,7,123.643,-0.327699,7,931.842,-0.396091
7,1.23653,-8.23941,7,12.6621,-1.36664,7,123.644,-0.327699,7,933.898,-0.396091
7,1.23653,-8.23941,7,12.6621,-1.36664,7,123.645,-0.327699,7,936.123,-0.396091
7,1.23653,-8.23941,7,12.6621,-1.36664,7,123.645,-0.327699,7,938.146,-0.396091
7,1.23653,-8.23941,7,12.6621,-1.36664,7,123.646,-0.327699,7,940.154,-0.396091
7,1.23653,-8.23941,7,12.6621,-1.36664,7,123.646,-0.327699,7,942.327,-0.396091
7,1.23653,-8.23941,7,12.6621,-1.36664,7,123.646,-0.327699,7,944.303,-0.396091
7,1.23653,-8.23941,7,12.6621,-1.36664,7,123.647,-0.327699,7,946.265,-0.396091
7,1.23653,-8.23941,7,12.6621,-1.36664,7,123.647,-0.327699,7,948.388,-0.396091
7,1.23653,-8.23941,7,12.6621,-1.36664,7,123.648,-0.327699,7,950.32,-0.396091
7,1.23653,-8.23941,7,12.6621,-1.36664,7,123.648,-0.327699,7,952.239,-0.396091
7,1.23653,-8.23941,7,12.6621,-1.36664,7,123.648,-0.327699,7,954.316,-0.396091
7,1.23653,-8.23941,7,12.6621,-1.36664,7,123.648,-0.327699,7,956.206,-0.396091
7,1.23653,-8.23941,7,12.6621,-1.36664,7,123.649,-0.327699,7,958.082,-0.396091
7,1.23653,-8.23941,7,12.6621,-1.36664,7,123.649,-0.327699,7,960.115,-0.396091
7,1.23653,-8.23941,7,12.6621,-1.36664,7,123.649,-0.327699,7,961.965,-0.396091
7,1.23653,-8.23941,7,12.6621,-1.36664,7,123.649,-0.327699,7,963.802,-0.396091
7,1.23653,-8.23941,7,12.6621,-1.36664,7,123.65,-0.327699,7,965.792,-0.396091
7,1.23653,-12.3069,7,12.6621,-1.99299,7,123.65,-0.469991,7,967.603,-0.542845
2,0.512019,-0.648783,5,9.89717,-3.15075,5,120.335,-15.851,5,965.683,-66.1522
2,0.304596,-0.337366,2,8.28798,-2.67119,5,115.313,-12.4047,5,963.107,-64.0591
2,0.204332,-0.152223,2,6.95921,-2.21834,5,109.487,-9.62392,5,960.344,-62.1404
2,0.159133,-0.0828216,2,5.88517,-1.83532,2,105.046,-8.81311,5,957.217,-60.2217
2,0.132362,-0.0566435,2,5.04195,-1.50243,2,100.856,-7.97725,5,953.41,-58.1285
2,0.113501,-0.041807,2,4.39112,-1.20122,2,96.96,-7.27196,5,949.574,-56.2098
2,0.0991002,-0.031975,2,3.89085,-0.892045,2,93.3073,-6.65355,5,945.42,-54.2911
2,0.0875718,-0.0249741,2,3.50711,-0.386706,2,89.868,-6.0944,5,940.54,-52.198
2,0.0780709,-0.0197983,2,3.33998,-0.190977,2,86.6181,-5.57338,5,935.759,-50.2793
2,0.0700984,-0.0158852,2,3.23237,-0.188282,2,83.5524,-5.06874,5,930.694,-48.3606
2,0.0633317,-0.0128788,2,3.13448,-0.181101,2,80.6789,-4.55662,5,924.856,-46.2675
2,0.0575458,-0.0105376,2,3.04402,-0.173116,2,77.9853,-3.98097,5,919.228,-44.3488
2,0.0525747,-0.00869197,2,2.9592,-0.165373,2,75.4076,-3.12744,5,913.341,-42.4301
2,0.0482901,-0.00722038,2,2.87898,-0.158137,2,72.5827,-0.886402,5,906.635,-40.3369
2,0.0445897,-0.0060347,2,2.8027,-0.151437,2,71.4705,-0.330082,5,900.234,-38.4182
2,0.0413898,-0.0050703,2,2.72994,-0.145237,2,70.7733,-0.345657,5,893.595,-36.4995
2,0.0386207,-0.00427919,2,2.66039,-0.139485,2,70.1185,-0.356895,5,886.09,-34.4064
2,0.0362235,-0.00362537,2,2.59381,-0.134129,2,69.5068,-0.365334,2,837.756,-9.96684
2,0.034148,-0.00308142,2,2.52999,-0.129125,2,68.9341,-0.371832,2,819.665,-0.55801
2,0.0323508,-0.0026263,2,2.46878,-0.124434,2,68.3982,-0.376882,2,819.872,-0.546784
2,0.0307949,-0.0022436,2,2.41,-0.120023,2,67.8966,-0.380813,2,820.082,-0.548339
2,0.0294478,-0.00192042,2,2.35355,-0.115865,2,67.4268,-0.383851,2,820.289,-0.549629
2,0.0282818,-0.00164651,2,2.29929,-0.111937,2,66.986,-0.386164,2,820.511,-0.550779
2,0.0272725,-0.00141363,2,2.24711,-0.108218,2,66.5715,-0.387879,2,820.712,-0.551647
2,0.026399,-0.00121511,2,2.19692,-0.10469,2,66.1806,-0.389096,2,820.908,-0.552344
2,0.0256431,-0.0010455,2,2.14863,-0.101339,2,65.8109,-0.389893,2,821.119,-0.552938
2,0.024989,-0.000900316,2,2.10214,-0.0981507,2,65.4601,-0.390336,2,821.307,-0.553359
2,0.0244229,-0.000775833,2,2.05738,-0.0951134,2,65.126,-0.390477,2,821.492,-0.553668
2,0.0239332,-0.000668957,2,2.01427,-0.0922167,2,64.8069,-0.390362,2,821.689,-0.553897
2,0.0235094,-0.000577092,2,1.97275,-0.089451,2,64.5011,-0.390028,2,821.866,-0.554022
2,0.0231427,-0.000498053,2,1.93273,-0.086808,2,64.2069,-0.389506,2,822.038,-0.554075
2,0.0228255,-0.000429993,2,1.89416,-0.08428,2,63.9232,-0.388823,2,822.221,-0.55406
2,0.022551,-0.000371347,2,1.85697,-0.08186,2,63.6486,-0.388004,2,822.384,-0.553988
2,0.0223136,-0.000320782,2,1.82111,-0.0795417,2,63.3822,-0.387068,2,822.543,-0.553867
2,0.0221081,-0.000277163,2,1.78651,-0.0773192,2,63.1231,-0.386032,2,822.711,-0.553688
2,0.0219304,-0.000239521,2,1.75314,-0.0751872,2,62.8705,-0.38491,2,822.861,-0.553483
2,0.0217766,-0.000207023,2,1.72092,-0.0731407,2,62.6236,-0.383717,2,823.007,-0.553245
2,0.0216435,-0.00017896,2,1.68982,-0.0711751,2,62.3819,-0.382463,2,823.161,-0.552955
2,0.0215284,-0.000154719,2,1.65978,-0.0692862,2,62.1448,-0.381157,2,823.297,-0.552658
2,0.0214288,-0.000133774,2,1.63076,-0.06747,2,61.9118,-0.379808,2,823.43,-0.552341
2,0.0213427,-0.000115675,2,1.60272,-0.0657228,2,61.6825,-0.378422,2,823.569,-0.551975
2,0.0212681,-0.000100032,2,1.57561,-0.064041,2,61.4566,-0.377008,2,823.692,-0.551617
2,0.0212036,-8.65103e-05,2,1.54939,-0.0624216,2,61.2338,-0.375569,2,823.811,-0.551245
2,0.0211478,-7.48202e-05,2,1.52402,-0.0608613,2,61.0137,-0.37411,2,823.935,-0.550827
2,0.0210996,-6.47128e-05,2,1.49947,-0.0593573,2,60.7962,-0.372636,2,824.045,-0.550427
2,0.0210578,-5.59731e-05,2,1.47571,-0.057907,2,60.5809,-0.371149,2,824.151,-0.55002
2,0.0210217,-4.84154e-05,2,1.45268,-0.0565077,2,60.3678,-0.369653,2,824.261,-0.549567
2,0.0209904,-4.18794e-05,2,1.43038,-0.0551571,2,60.1567,-0.368151,2,824.358,-0.54914
2,0.0209634,-3.62267e-05,2,1.40875,-0.0538528,2,59.9474,-0.366645,2,824.45,-0.548708
2,0.02094,-3.13377e-05,2,1.38778,-0.0525928,2,59.7398,-0.365136,2,824.546,-0.548234
2,0.0209197,-2.7109e-05,2,1.36743,-0.051375,2,59.5338,-0.363626,2,824.63,-0.547788
2,0.0209022,-2.34513e-05,2,1.34769,-0.0501974,2,59.3293,-0.362117,2,824.71,-0.547342
2,0.020887,-2.02874e-05,2,1.32851,-0.0490583,2,59.1263,-0.36061,2,824.792,-0.546853
2,0.0208739,-1.75506e-05,2,1.30988,-0.0479559,2,58.9245,-0.359107,2,824.863,-0.546398
2,0.0208626,-1.51832e-05,2,1.29177,-0.0468886,2,58.724,-0.357607,2,824.93,-0.545943
2,0.0208528,-1.31352e-05,2,1.27416,-0.0458549,2,58.5248,-0.356111,2,824.999,-0.545447
2,0.0208443,-1.13636e-05,2,1.25703,-0.0448532,2,58.3267,-0.354621,2,825.057,-0.544986
2,0.0208369,-9.83093e-06,2,1.24037,-0.0438821,2,58.1295,-0.353137,2,825.112,-0.544527
2,0.0208306,-8.50507e-06,2,1.22414,-0.0429405,2,57.9327,-0.351651,2,825.168,-0.544029
2,0.0208251,-7.35806e-06,2,1.20833,-0.042027,2,57.7369,-0.350168,2,825.214,-0.543566
2,0.0208203,-6.36576e-06,2,1.19293,-0.0411404,2,57.5422,-0.348693,2,825.257,-0.543107
2,0.0208162,-5.50731e-06,2,1.17791,-0.0402796,2,57.3485,-0.347226,2,825.3,-0.542609
2,0.0208127,-4.76464e-06,2,1.16326,-0.0394435,2,57.1558,-0.345772,2,825.335,-0.542148
2,0.0208096,-4.12213e-06,2,1.14897,-0.0386312,2,56.9643,-0.344346,2,825.367,-0.541691
2,0.0208069,-3.56627e-06,2,1.13502,-0.0378416,2,56.7737,-0.342919,2,825.397,-0.541196
2,0.0208046,-3.08538e-06,2,1.1214,-0.037074,2,56.584,-0.341496,2,825.421,-0.540738
2,0.0208026,-2.66933e-06,2,1.1081,-0.0363273,2,56.3953,-0.340079,2,825.441,-0.540285
2,0.0208009,-2.30939e-06,2,1.0951,-0.0356008,2,56.2076,-0.338672,2,825.459,-0.539795
2,0.0207994,-1.99799e-06,2,1.08238,-0.0348937,2,56.0209,-0.337276,2,825.472,-0.539342
2,0.0207981,-1.72858e-06,2,1.06995,-0.0342052,2,55.835,-0.335888,2,825.482,-0.538894
2,0.020797,-1.4955e-06,2,1.05779,-0.0335347,2,55.65,-0.334506,2,825.489,-0.538411
2,0.020796,-1.29385e-06,2,1.04589,-0.0328816,2,55.466,-0.333132,2,825.491,-0.537964
2,0.0207952,-1.11939e-06,2,1.03423,-0.0322451,2,55.2829,-0.331767,2,825.49,-0.537522
2,0.0207945,-9.68455e-07,2,1.02282,-0.0316246,2,55.1006,-0.33041,2,825.486,-0.537045
2,0.0207938,-8.37872e-07,2,1.01164,-0.0310196,2,54.9192,-0.329061,2,825.478,-0.536606
2,0.0207933,-7.24896e-07,2,1.00068,-0.0304296,2,54.7387,-0.327719,2,825.467,-0.536171
2,0.0207928,-6.27154e-07,2,0.989934,-0.029854,2,54.559,-0.326385,2,825.452,-0.535702
2,0.0207924,-5.42592e-07,2,0.979399,-0.0292924,2,54.3802,-0.32506,2,825.435,-0.535269
2,0.0207921,-4.69431e-07,2,0.969064,-0.0287442,2,54.2023,-0.323742,2,825.414,-0.534842
2,0.0207918,-4.06135e-07,2,0.958924,-0.0282091,2,54.0252,-0.322431,2,825.389,-0.534381
2,0.0207915,-3.51374e-07,2,0.948971,-0.0276865,2,53.8489,-0.321128,2,825.362,-0.533956
2,0.0207913,-3.03997e-07,2,0.9392,-0.0271761,2,53.6735,-0.319833,2,825.332,-0.533536
2,0.0207911,-2.63008e-07,2,0.929605,-0.0266776,2,53.4988,-0.318546,2,825.297,-0.533084
2,0.0207909,-2.27545e-07,2,0.920179,-0.0261904,2,53.3249,-0.317266,2,825.261,-0.532667
2,0.0207908,-1.96864e-07,2,0.910918,-0.0257144,2,53.1517,-0.315993,2,825.223,-0.532255
2,0.0207906,-1.7032e-07,2,0.901816,-0.0252491,2,52.9793,-0.314728,2,825.178,-0.531812
2,0.0207905,-1.47355e-07,2,0.892869,-0.0247942,2,52.8076,-0.313469,2,825.133,-0.531403
2,0.0207904,-1.27487e-07,2,0.884072,-0.0243494,2,52.6366,-0.312219,2,825.086,-0.530999
2,0.0207903,-1.10297e-07,2,0.87542,-0.0239144,2,52.4664,-0.310975,2,825.032,-0.530564
2,0.0207903,-9.54255e-08,2,0.866909,-0.023489,2,52.2969,-0.309738,2,824.98,-0.530163
2,0.0207902,-8.25589e-08,2,0.858536,-0.0230728,2,52.1281,-0.308509,2,824.924,-0.529767
2,0.0207902,-7.14272e-08,2,0.850295,-0.0226657,2,51.96,-0.307287,2,824.861,-0.529341
2,0.0207901,-6.17964e-08,2,0.842184,-0.0222673,2,51.7926,-0.306071,2,824.801,-0.528948
2,0.0207901,-5.34642e-08,2,0.8342,-0.0218774,2,51.6259,-0.304863,2,824.738,-0.52856
2,0.02079,-4.62554e-08,2,0.826337,-0.0214958,2,51.4599,-0.303661,2,824.666,-0.528142
2,0.02079,-4.00186e-08,2,0.818594,-0.0211223,2,51.2946,-0.302466,2,824.598,-0.527758
2,0.02079,-3.46228e-08,2,0.810967,-0.0207566,2,51.1299,-0.301278,2,824.528,-0.527378
2,0.02079,-2.99545e-08,2,0.803453,-0.0203986,2,50.966,-0.300096,2,824.448,-0.526968
2,0.0207899,-2.59156e-08,2,0.796049,-0.0200481,2,50.8027,-0.298921,2,824.373,-0.526591
2,0.0207899,-2.24213e-08,2,0.788752,-0.0197048,2,50.6401,-0.297753,2,824.295,-0.526219
2,0.0207899,-1.93982e-08,2,0.781561,-0.0193686,2,50.4782,-0.296591,2,824.208,-0.525818
2,0.0207899,-1.67826e-08,2,0.774471,-0.0190392,2,50.3169,-0.295435,2,824.126,-0.525449
2,0.0207899,-1.45198e-08,2,0.767481,-0.0187167,2,50.1563,-0.294286,2,824.041,-0.525084
2,0.0207899,-1.2562e-08,2,0.760589,-0.0184007,2,49.9963,-0.293143,2,823.947,-0.524692
2,0.0207899,-1.08682e-08,2,0.753791,-0.0180911,2,49.837,-0.292007,2,823.858,-0.52433
2,0.0207899,-9.40285e-09,2,0.747087,-0.0177878,2,49.6783,-0.290876,2,823.767,-0.523973
2,0.0207899,-8.13503e-09,2,0.740473,-0.0174906,2,49.5203,-0.289752,2,823.665,-0.523588
2,0.0207899,-7.03815e-09,2,0.733948,-0.0171993,2,49.3629,-0.288634,2,823.57,-0.523234
2,0.0207898,-6.08918e-09,2,0.72751,-0.0169139,2,49.2061,-0.287522,2,823.472,-0.522884
2,0.0207898,-5.26815e-09,2,0.721157,-0.0166342,2,49.05,-0.286416,2,823.364,-0.522507
2,0.0207898,-4.55783e-09,2,0.714887,-0.01636,2,48.8945,-0.285316,2,823.262,-0.522159
2,0.0207898,-3.94328e-09,2,0.708698,-0.0160912,2,48.7397,-0.284222,2,823.159,-0.521817
2,0.0207898,-3.4116e-09,2,0.702589,-0.0158278,2,48.5854,-0.283133,2,823.044,-0.521447
2,0.0207898,-2.9516e-09,2,0.696558,-0.0155696,2,48.4318,-0.282051,2,822.937,-0.521107
2,0.0207898,-2.55362e-09,2,0.690603,-0.0153164,2,48.2788,-0.280974,2,822.828,-0.520771
2,0.0207898,-2.20931e-09,2,0.684723,-0.0150682,2,48.1264,-0.279903,2,822.707,-0.520409
2,0.0207898,-1.91142e-09,2,0.678917,-0.0148248,2,47.9746,-0.278837,2,822.594,-0.520075
2,0.0207898,-1.6537e-09,2,0.673182,-0.0145861,2,47.8234,-0.277777,2,822.479,-0.519746
2,0.0207898,-1.43072e-09,2,0.667519,-0.0143521,2,47.6728,-0.276723,2,822.352,-0.519391
2,0.0207898,-1.23781e-09,2,0.661924,-0.0141227,2,47.5228,-0.275674,2,822.234,-0.519064
2,0.0207898,-1.07092e-09,2,0.656397,-0.0138976,2,47.3734,-0.274631,2,822.114,-0.518741
2,0.0207898,-9.26521e-10,2,0.650937,-0.0136769,2,47.2246,-0.273593,2,821.981,-0.518393
2,0.0207898,-8.01595e-10,2,0.645543,-0.0134604,2,47.0764,-0.27256,2,821.858,-0.518073
2,0.0207898,-6.93513e-10,2,0.640213,-0.0132481,2,46.9287,-0.271533,2,821.733,-0.517756
2,0.0207898,-6.00004e-10,2,0.634946,-0.0130398,2,46.7817,-0.270511,2,821.595,-0.517414
2,0.0207898,-5.19104e-10,2,0.62974,-0.0128355,2,46.6352,-0.269494,2,821.466,-0.5171
2,0.0207898,-4.49111e-10,2,0.624596,-0.0126351,2,46.4893,-0.268482,2,821.337,-0.516789
2,0.0207898,-3.88556e-10,2,0.619512,-0.0124385,2,46.344,-0.267476,2,821.193,-0.516455
2,0.0207898,-3.36166e-10,2,0.614487,-0.0122456,2,46.1992,-0.266474,2,821.06,-0.516146
2,0.0207898,-2.90839e-10,2,0.609519,-0.0120563,2,46.055,-0.265478,2,820.926,-0.515841
2,0.0207898,-2.51624e-10,2,0.604608,-0.0118706,2,45.9114,-0.264487,2,820.778,-0.515513
2,0.0207898,-2.17697e-10,2,0.599753,-0.0116884,2,45.7683,-0.263501,2,820.64,-0.51521
2,0.0207898,-1.88344e-10,2,0.594954,-0.0115096,2,45.6258,-0.262519,2,820.502,-0.514911
2,0.0207898,-1.62949e-10,2,0.590208,-0.0113342,2,45.4838,-0.261543,2,820.349,-0.514588
2,0.0207898,-1.40978e-10,2,0.585515,-0.011162,2,45.3424,-0.260571,2,820.207,-0.514291
2,0.0207898,-1.2197e-10,2,0.580875,-0.0109929,2,45.2016,-0.259605,2,820.064,-0.513998
2,0.0207898,-1.05524e-10,2,0.576287,-0.0108271,2,45.0613,-0.258643,2,819.906,-0.513681
2,0.0207898,-9.12958e-11,2,0.571749,-0.0106643,2,44.9215,-0.257685,2,819.76,-0.513389
2,0.0207898,-7.89861e-11,2,0.567261,-0.0105044,2,44.7823,-0.256733,2,819.613,-0.513101
2,0.0207898,-6.83362e-11,2,0.562823,-0.0103476,2,44.6436,-0.255785,2,819.452,-0.51279
2,0.0207898,-5.91221e-11,2,0.558433,-0.0101936,2,44.5055,-0.254842,2,819.302,-0.512503
2,0.0207898,-5.11505e-11,2,0.554091,-0.0100424,2,44.3679,-0.253904,2,819.151,-0.51222
2,0.0207898,-4.42537e-11,2,0.549795,-0.00989391,2,44.2308,-0.25297,2,818.985,-0.511914
2,0.0207898,-3.82868e-11,2,0.545546,-0.00974817,2,44.0942,-0.25204,2,818.831,-0.511633
2,0.0207898,-3.31245e-11,2,0.541343,-0.00960506,2,43.9582,-0.251115,2,818.677,-0.511354
2,0.0207898,-2.86582e-11,2,0.537184,-0.00946454,2,43.8227,-0.250195,2,818.507,-0.511054
2,0.0207898,-2.47941e-11,2,0.53307,-0.00932654,2,43.6877,-0.249279,2,818.35,-0.510777
2,0.0207898,-2.14511e-11,2,0.529,-0.00919103,2,43.5532,-0.248367,2,818.192,-0.510504
2,0.0207898,-1.85587e-11,2,0.524973,-0.00905794,2,43.4193,-0.24746,2,818.018,-0.510208
2,0.0207898,-1.60564e-11,2,0.520988,-0.00892722,2,43.2858,-0.246557,2,817.857,-0.509936
2,0.0207898,-1.38915e-11,2,0.517045,-0.00879883,2,43.1529,-0.245658,2,817.696,-0.509667
2,0.0207898,-1.20185e-11,2,0.513143,-0.00867271,2,43.0205,-0.244764,2,817.519,-0.509377
2,0.0207898,-1.03979e-11,2,0.509282,-0.00854883,2,42.8886,-0.243874,2,817.355,-0.509109
2,0.0207898,-8.99598e-12,2,0.505461,-0.00842713,2,42.7571,-0.242988,2,817.19,-0.508844
2,0.0207898,-7.78297e-12,2,0.50168,-0.00830757,2,42.6262,-0.242107,2,817.009,-0.508559
2,0.0207898,-6.73356e-12,2,0.497938,-0.0081901,2,42.4958,-0.241229,2,816.842,-0.508295
2,0.0207898,-5.82567e-12,2,0.494234,-0.00807468,2,42.3659,-0.240356,2,816.675,-0.508035
2,0.0207898,-5.04022e-12,2,0.490569,-0.00796128,2,42.2365,-0.239487,2,816.49,-0.507754
2,0.0207898,-4.36063e-12,2,0.486941,-0.00784984,2,42.1075,-0.238621,2,816.321,-0.507495
2,0.0207898,-3.77262e-12,2,0.48335,-0.00774032,2,41.9791,-0.23776,2,816.15,-0.507238
2,0.0207898,-3.26399e-12,2,0.479796,-0.0076327,2,41.8511,-0.236903,2,815.962,-0.506961
2,0.0207898,-2.82386e-12,2,0.476277,-0.00752692,2,41.7236,-0.23605,2,815.79,-0.506706
2,0.0207898,-2.44314e-12,2,0.472795,-0.00742296,2,41.5967,-0.235201,2,815.616,-0.506454
2,0.0207898,-2.11366e-12,2,0.469347,-0.00732077,2,41.4701,-0.234355,2,815.426,-0.506181
2,0.0207898,-1.82874e-12,2,0.465934,-0.00722032,2,41.3441,-0.233514,2,815.25,-0.50593
2,0.0207898,-1.58217e-12,2,0.462556,-0.00712158,2,41.2185,-0.232676,2,815.074,-0.505681
2,0.0207898,-1.36878e-12,2,0.459211,-0.0070245,2,41.0934,-0.231843,2,814.881,-0.505413
2,0.0207898,-1.18422e-12,2,0.4559,-0.00692906,2,40.9688,-0.231013,2,814.703,-0.505165
2,0.0207898,-1.02459e-12,2,0.452622,-0.00683522,2,40.8447,-0.230187,2,814.524,-0.50492
2,0.0207898,-8.86456e-13,2,0.449377,-0.00674295,2,40.721,-0.229364,2,814.328,-0.504656
2,0.0207898,-7.66944e-13,2,0.446163,-0.00665222,2,40.5978,-0.228546,2,814.147,-0.504412
2,0.0207898,-6.63512e-13,2,0.442982,-0.006563,2,40.475,-0.227731,2,813.966,-0.50417
2,0.0207898,-5.74086e-13,2,0.439832,-0.00647525,2,40.3527,-0.22692,2,813.767,-0.50391
2,0.0207898,-4.96617e-13,2,0.436713,-0.00638895,2,40.2309,-0.226112,2,813.585,-0.503669
2,0.0207898,-4.29651e-13,2,0.433624,-0.00630408,2,40.1095,-0.225309,2,813.401,-0.503431
2,0.0207898,-3.71706e-13,2,0.430567,-0.00622059,2,39.9886,-0.224508,2,813.2,-0.503174
2,0.0207898,-3.21558e-13,2,0.427539,-0.00613847,2,39.8681,-0.223712,2,813.014,-0.502937
2,0.0207898,-2.78243e-13,2,0.42454,-0.00605769,2,39.7481,-0.222919,2,812.829,-0.502702
2,0.0207898,-2.40721e-13,2,0.421571,-0.00597821,2,39.6285,-0.222129,2,812.625,-0.502448
2,0.0207898,-2.08259e-13,2,0.418631,-0.00590002,2,39.5094,-0.221343,2,812.438,-0.502214
2,0.0207898,-1.80152e-13,2,0.415719,-0.00582309,2,39.3907,-0.220561,2,812.25,-0.501982
2,0.0207898,-1.55908e-13,2,0.412836,-0.0057474,2,39.2725,-0.219782,2,812.044,-0.501732
2,0.0207898,-1.34821e-13,2,0.409981,-0.00567292,2,39.1547,-0.219006,2,811.854,-0.501501
2,0.0207898,-1.16694e-13,2,0.407153,-0.00559962,2,39.0373,-0.218234,2,811.664,-0.501272
2,0.0207898,-1.00975e-13,2,0.404352,-0.00552749,2,38.9204,-0.217465,2,811.456,-0.501025
2,0.0207898,-8.73733e-14,2,0.401579,-0.0054565,2,38.8039,-0.2167,2,811.265,-0.500797
2,0.0207898,-7.55396e-14,2,0.398832,-0.00538663,2,38.6878,-0.215938,2,811.073,-0.500572
2,0.0207898,-6.53818e-14,2,0.396112,-0.00531786,2,38.5722,-0.21518,2,810.862,-0.500328
2,0.0207898,-5.65766e-14,2,0.393417,-0.00525017,2,38.457,-0.214424,2,810.669,-0.500103
2,0.0207898,-4.89515e-14,2,0.390749,-0.00518354,2,38.3423,-0.213672,2,810.475,-0.49988
2,0.0207898,-4.23556e-14,2,0.388106,-0.00511794,2,38.2279,-0.212924,2,810.263,-0.499639
2,0.0207898,-3.66489e-14,2,0.385488,-0.00505336,2,38.114,-0.212178,2,810.068,-0.499416
2,0.0207898,-3.16859e-14,2,0.382895,-0.00498977,2,38.0005,-0.211436,2,809.872,-0.499196
2,0.0207898,-2.74449e-14,2,0.380327,-0.00492717,2,37.8874,-0.210697,2,809.658,-0.498958
2,0.0207898,-2.37321e-14,2,0.377783,-0.00486553,2,37.7748,-0.209962,2,809.461,-0.498738
2,0.0207898,-2.0515e-14,2,0.375264,-0.00480482,2,37.6625,-0.209229,2,809.264,-0.498521
2,0.0207898,-1.77721e-14,2,0.372768,-0.00474505,2,37.5507,-0.2085,2,809.048,-0.498286
2,0.0207898,-1.53202e-14,2,0.370296,-0.00468618,2,37.4393,-0.207774,2,808.849,-0.498068
2,0.0207898,-1.32779e-14,2,0.367848,-0.0046282,2,37.3283,-0.207051,2,808.65,-0.497853
2,0.0207898,-1.14781e-14,2,0.365422,-0.0045711,2,37.2177,-0.206331,2,808.433,-0.497621
2,0.0207898,-9.93687e-15,2,0.363019,-0.00451486,2,37.1075,-0.205614,2,808.233,-0.497406
2,0.0207898,-8.62201e-15,2,0.360639,-0.00445946,2,36.9978,-0.2049,2,808.032,-0.497193
2,0.0207898,-7.45804e-15,2,0.358282,-0.00440488,2,36.8884,-0.204189,2,807.813,-0.496963
2,0.0207898,-6.43418e-15,2,0.355947,-0.00435112,2,36.7794,-0.203481,2,807.611,-0.496751
2,0.0207898,-5.62047e-15,2,0.353633,-0.00429815,2,36.6709,-0.202777,2,807.409,-0.496541
2,0.0207898,-4.8876e-15,2,0.351341,-0.00424597,2,36.5627,-0.202075,2,807.188,-0.496313
2,0.0207898,-4.18706e-15,2,0.349071,-0.00419455,2,36.4549,-0.201376,2,806.985,-0.496103
2,0.0207898,-3.76674e-15,2,0.346822,-0.00414389,2,36.3476,-0.200681,2,806.782,-0.495895
2,0.0207898,-3.25481e-15,2,0.344594,-0.00409397,2,36.2406,-0.199988,2,806.559,-0.49567
2,0.0207898,-2.80215e-15,2,0.342387,-0.00404478,2,36.134,-0.199298,2,806.355,-0.495462
2,0.0207898,-2.67282e-15,2,0.3402,-0.0039963,2,36.0278,-0.198611,2,806.15,-0.495256
2,0.0207898,-2.32794e-15,2,0.338034,-0.00394853,2,35.922,-0.197927,2,805.927,-0.495033
2,0.0207898,-2.0154e-15,2,0.335888,-0.00390144,2,35.8166,-0.197246,2,805.721,-0.494828
2,0.0207898,-1.96151e-15,2,0.333762,-0.00385503,2,35.7116,-0.196567,2,805.515,-0.494624
2,0.0207898,-1.61124e-15,2,0.331656,-0.00380929,2,35.6069,-0.195892,2,805.29,-0.494403
2,0.0207898,-1.02386e-16,2,0.288399,-0.00292861,2,34.2841,-0.187307,2,800.573,-0.490173
2,0.0207898,-1.02386e-16,2,0.286709,-0.0028838,2,34.1834,-0.18625,2,800.357,-0.489598
2,0.0207898,-1.02386e-16,2,0.285037,-0.00285151,2,34.0834,-0.185685,2,800.123,-0.489403
2,0.0207898,-1.02386e-16,2,0.283381,-0.00281964,2,33.9838,-0.185103,2,799.908,-0.489222
2,0.0207898,-1.02386e-16,2,0.281739,-0.0027882,2,33.8846,-0.184512,2,799.693,-0.489042
2,0.0207898,-1.02386e-16,2,0.280113,-0.00275717,2,33.7859,-0.183917,2,799.457,-0.488846
2,0.0207898,-1.02386e-16,2,0.278501,-0.00272655,2,33.6875,-0.183318,2,799.241,-0.488665
2,0.0207898,-1.02386e-16,2,0.276904,-0.00269632,2,33.5896,-0.182718,2,799.025,-0.488484
2,0.0207898,-1.02386e-16,2,0.275322,-0.00266649,2,33.492,-0.182118,2,798.789,-0.488288
2,0.0207898,-1.02386e-16,2,0.273754,-0.00263704,2,33.3949,-0.181518,2,798.573,-0.488107
2,0.0207898,-1.02386e-16,2,0.2722,-0.00260798,2,33.2982,-0.180917,2,798.356,-0.487926
2,0.0207898,-1.02386e-16,2,0.270661,-0.00257928,2,33.2019,-0.180318,2,798.119,-0.487731
2,0.0207898,-1.02386e-16,2,0.269136,-0.00255096,2,33.106,-0.17972,2,797.902,-0.487549
2,0.0207898,-1.02386e-16,2,0.267624,-0.00252299,2,33.0104,-0.179123,2,797.684,-0.487369
2,0.0207898,-1.02386e-16,2,0.266127,-0.00249538,2,32.9153,-0.178527,2,797.447,-0.487174
2,0.0207898,-1.02386e-16,2,0.264643,-0.00246812,2,32.8205,-0.177933,2,797.229,-0.486994
2,0.0207898,-1.02386e-16,2,0.263172,-0.00244121,2,32.7262,-0.177341,2,797.011,-0.486814
2,0.0207898,-1.02386e-16,2,0.261715,-0.00241463,2,32.6322,-0.17675,2,796.772,-0.48662
2,0.0207898,-1.02386e-16,2,0.260271,-0.00238839,2,32.5385,-0.176161,2,796.554,-0.48644
2,0.0207898,-1.02386e-16,2,0.25884,-0.00236248,2,32.4453,-0.175574,2,796.335,-0.486261
2,0.0207898,-1.02386e-16,2,0.257423,-0.0023369,2,32.3524,-0.174989,2,796.096,-0.486067
2,0.0207898,-1.02386e-16,2,0.256018,-0.00231163,2,32.2599,-0.174406,2,795.877,-0.485888
2,0.0207898,-1.02386e-16,2,0.254626,-0.00228668,2,32.1677,-0.173824,2,795.658,-0.48571
2,0.0207898,-1.02386e-16,2,0.253246,-0.00226203,2,32.0759,-0.173245,2,795.418,-0.485517
2,0.0207898,-1.02386e-16,2,0.25188,-0.0022377,2,31.9844,-0.172668,2,795.199,-0.485339
2,0.0207898,-1.02386e-16,2,0.250525,-0.00221366,2,31.8933,-0.172093,2,794.979,-0.485162
2,0.0207898,-1.02386e-16,2,0.249183,-0.00218992,2,31.8025,-0.17152,2,794.739,-0.48497
2,0.0207898,-1.02386e-16,2,0.247853,-0.00216647,2,31.7121,-0.170948,2,794.518,-0.484793
2,0.0207898,-1.02386e-16,2,0.246535,-0.00214331,2,31.622,-0.170379,2,794.298,-0.484616
2,0.0207898,-1.02386e-16,2,0.24523,-0.00212043,2,31.5322,-0.169813,2,794.057,-0.484425
2,0.0207898,-1.02386e-16,2,0.243936,-0.00209784,2,31.4428,-0.169248,2,793.837,-0.484249
2,0.0207898,-1.02386e-16,2,0.242653,-0.00207551,2,31.3537,-0.168685,2,793.616,-0.484073
2,0.0207898,-1.02386e-16,2,0.241383,-0.00205346,2,31.265,-0.168124,2,793.375,-0.483883
2,0.0207898,-1.02386e-16,2,0.240124,-0.00203168,2,31.1766,-0.167566,2,793.154,-0.483708
2,0.0207898,-1.02386e-16,2,0.238876,-0.00201016,2,31.0885,-0.16701,2,792.932,-0.483533
2,0.0207898,-1.02386e-16,2,0.23764,-0.00198889,2,31.0007,-0.166455,2,792.691,-0.483344
2,0.0207898,-1.02386e-16,2,0.236415,-0.00196789,2,30.9133,-0.165903,2,792.469,-0.483169
2,0.0207898,-1.02386e-16,2,0.235201,-0.00194713,2,30.8262,-0.165353,2,792.247,-0.482996
2,0.0207898,-1.02386e-16,2,0.233998,-0.00192663,2,30.7394,-0.164805,2,792.005,-0.482808
2,0.0207898,-1.02386e-16,2,0.232806,-0.00190637,2,30.653,-0.164259,2,791.783,-0.482634
2,0.0207898,-1.02386e-16,2,0.231624,-0.00188635,2,30.5668,-0.163715,2,791.561,-0.482461
2,0.0207898,-1.02386e-16,2,0.230454,-0.00186657,2,30.481,-0.163174,2,791.318,-0.482274
2,0.0207898,-1.02386e-16,2,0.229294,-0.00184702,2,30.3955,-0.162634,2,791.096,-0.4821
2,0.0207898,-1.02386e-16,2,0.228145,-0.00182771,2,30.3103,-0.162097,2,790.874,-0.481929
2,0.0207898,-1.02386e-16,2,0.227006,-0.00180862,2,30.2254,-0.161561,2,790.631,-0.481742
2,0.0207898,-1.02386e-16,2,0.225877,-0.00178976,2,30.1409,-0.161028,2,790.408,-0.48157
2,0.0207898,-1.02386e-16,2,0.224759,-0.00177112,2,30.0566,-0.160496,2,790.185,-0.481399
2,0.0207898,-1.02386e-16,2,0.22365,-0.0017527,2,29.9727,-0.159967,2,789.942,-0.481213
2,0.0207898,-1.02386e-16,2,0.222552,-0.00173449,2,29.889,-0.15944,2,789.719,-0.481042
2,0.0207898,-1.02386e-16,2,0.221464,-0.0017165,2,29.8057,-0.158915,2,789.495,-0.480872
2,0.0207898,-1.02386e-16,2,0.220385,-0.00169872,2,29.7227,-0.158391,2,789.252,-0.480687
2,0.0207898,-1.02386e-16,2,0.219317,-0.00168114,2,29.64,-0.15787,2,789.028,-0.480516
2,0.0207898,-1.02386e-16,2,0.218258,-0.00166377,2,29.5576,-0.157351,2,788.805,-0.480347
2,0.0207898,-1.02386e-16,2,0.217208,-0.0016466,2,29.4755,-0.156834,2,788.561,-0.480163
2,0.0207898,-1.02386e-16,2,0.216168,-0.00162962,2,29.3937,-0.156319,2,788.337,-0.479993
2,0.0207898,-1.02386e-16,2,0.215138,-0.00161285,2,29.3122,-0.155806,2,788.113,-0.479824
2,0.0207898,-1.02386e-16,2,0.214117,-0.00159626,2,29.231,-0.155295,2,787.869,-0.479642
2,0.0207898,-1.02386e-16,2,0.213105,-0.00157987,2,29.15,-0.154785,2,787.645,-0.479472
2,0.0207898,-1.02386e-16,2,0.212102,-0.00156367,2,29.0694,-0.154278,2,787.421,-0.479304
2,0.0207898,-1.02386e-16,2,0.211109,-0.00154765,2,28.9891,-0.153773,2,787.176,-0.479122
2,0.0207898,-1.02386e-16,2,0.210124,-0.00153181,2,28.9091,-0.15327,2,786.952,-0.478954
2,0.0207898,-1.02386e-16,2,0.209148,-0.00151615,2,28.8294,-0.152768,2,786.728,-0.478787
2,0.0207898,-1.02386e-16,2,0.208181,-0.00150068,2,28.75,-0.152269,2,786.483,-0.478605
2,0.0207898,-1.02386e-16,2,0.207223,-0.00148537,2,28.6709,-0.151771,2,786.259,-0.478438
2,0.0207898,-1.02386e-16,2,0.206274,-0.00147024,2,28.592,-0.151276,2,786.034,-0.478271
2,0.0207898,-1.02386e-16,2,0.205333,-0.00145529,2,28.5135,-0.150782,2,785.789,-0.478091
2,0.0207898,-1.02386e-16,2,0.204401,-0.0014405,2,28.4352,-0.15029,2,785.564,-0.477924
2,0.0207898,-1.02386e-16,2,0.203477,-0.00142587,2,28.3572,-0.149801,2,785.34,-0.477758
2,0.0207898,-1.02386e-16,2,0.202561,-0.00141141,2,28.2796,-0.149313,2,785.094,-0.477578
2,0.0207898,-1.02386e-16,2,0.201654,-0.00139712,2,28.2022,-0.148826,2,784.87,-0.477412
2,0.0207898,-1.02386e-16,2,0.200755,-0.00138298,2,28.1251,-0.148342,2,784.645,-0.477246
2,0.0207898,-1.02386e-16,2,0.199864,-0.001369,2,28.0482,-0.14786,2,784.399,-0.477067
2,0.0207898,-1.02386e-16,2,0.198981,-0.00135518,2,27.9717,-0.147379,2,784.174,-0.476902
2,0.0207898,-1.02386e-16,2,0.198107,-0.00134151,2,27.8954,-0.146901,2,783.949,-0.476737
2,0.0207898,-1.02386e-16,2,0.19724,-0.001328,2,27.8195,-0.146424,2,783.703,-0.476559
2,0.0207898,-1.02386e-16,2,0.196381,-0.00131463,2,27.7438,-0.145949,2,783.478,-0.476394
2,0.0207898,-1.02386e-16,2,0.19553,-0.00130141,2,27.6683,-0.145476,2,783.253,-0.47623
2,0.0207898,-1.02386e-16,2,0.194686,-0.00128834,2,27.5932,-0.145004,2,783.007,-0.476052
2,0.0207898,-1.02386e-16,2,0.19385,-0.00127541,2,27.5183,-0.144535,2,782.782,-0.475888
2,0.0207898,-1.02386e-16,2,0.193022,-0.00126263,2,27.4438,-0.144067,2,782.556,-0.475725
2,0.0207898,-1.02386e-16,2,0.192201,-0.00124998,2,27.3695,-0.143601,2,782.31,-0.475548
2,0.0207898,-1.02386e-16,2,0.191388,-0.00123748,2,27.2954,-0.143137,2,782.085,-0.475384
2,0.0207898,-1.02386e-16,2,0.190581,-0.00122511,2,27.2217,-0.142674,2,781.859,-0.475221
2,0.0207898,-1.02386e-16,2,0.189783,-0.00121287,2,27.1482,-0.142213,2,781.613,-0.475045
2,0.0207898,-1.02386e-16,2,0.188991,-0.00120077,2,27.075,-0.141755,2,781.388,-0.474882
2,0.0207898,-1.02386e-16,2,0.188207,-0.00118881,2,27.002,-0.141297,2,781.162,-0.474719
2,0.0207898,-1.02386e-16,2,0.18743,-0.00117697,2,26.9294,-0.140842,2,780.916,-0.474544
2,0.0207898,-1.02386e-16,2,0.186659,-0.00116526,2,26.857,-0.140388,2,780.69,-0.474381
2,0.0207898,-1.02386e-16,2,0.185896,-0.00115368,2,26.7848,-0.139936,2,780.465,-0.47422
2,0.0207898,-1.02386e-16,2,0.18514,-0.00114222,2,26.713,-0.139486,2,780.218,-0.474044
2,0.0207898,-1.02386e-16,2,0.18439,-0.00113089,2,26.6414,-0.139038,2,779.993,-0.473882
2,0.0207898,-1.02386e-16,2,0.183648,-0.00111968,2,26.57,-0.138591,2,779.767,-0.473721
2,0.0207898,-1.02386e-16,2,0.182912,-0.00110859,2,26.499,-0.138146,2,779.52,-0.473547
2,0.0207898,-1.02386e-16,2,0.182183,-0.00109762,2,26.4282,-0.137702,2,779.294,-0.473385
2,0.0207898,-1.02386e-16,2,0.18146,-0.00108677,2,26.3576,-0.137261,2,779.069,-0.473225
2,0.0207898,-1.02386e-16,2,0.180744,-0.00107603,2,26.2873,-0.136821,2,778.822,-0.473051
2,0.0207898,-1.02386e-16,2,0.180034,-0.00106541,2,26.2173,-0.136382,2,778.596,-0.47289
2,0.0207898,-1.02386e-16,2,0.179331,-0.0010549,2,26.1476,-0.135946,2,778.37,-0.47273
2,0.0207898,-1.02386e-16,2,0.178634,-0.00104451,2,26.0781,-0.13551,2,778.124,-0.472557
2,0.0207898,-1.02386e-16,2,0.177943,-0.00103422,2,26.0088,-0.135077,2,777.898,-0.472396
2,0.0207898,-1.02386e-16,2,0.177259,-0.00102405,2,25.9399,-0.134645,2,777.672,-0.472237
2,0.0207898,-1.02386e-16,2,0.176581,-0.00101398,2,25.8711,-0.134215,2,777.425,-0.472064
2,0.0207898,-1.02386e-16,2,0.175909,-0.00100402,2,25.8027,-0.133787,2,777.199,-0.471904
2,0.0207898,-1.02386e-16,2,0.175243,-0.000994167,2,25.7345,-0.13336,2,776.973,-0.471745
2,0.0207898,-1.02386e-16,2,0.174583,-0.000984417,2,25.6665,-0.132935,2,776.727,-0.471573
2,0.0207898,-1.02386e-16,2,0.173929,-0.000974771,2,25.5988,-0.132511,2,776.501,-0.471414
2,0.0207898,-1.02386e-16,2,0.173282,-0.000965226,2,25.5314,-0.132089,2,776.275,-0.471255
2,0.0207898,-1.02386e-16,2,0.172639,-0.000955781,2,25.4642,-0.131669,2,776.028,-0.471083
2,0.0207898,-1.02386e-16,2,0.172003,-0.000946436,2,25.3972,-0.13125,2,775.802,-0.470924
2,0.0207898,-1.02386e-16,2,0.171373,-0.00093719,2,25.3305,-0.130832,2,775.576,-0.470766
2,0.0207898,-1.02386e-16,2,0.170748,-0.00092804,2,25.2641,-0.130417,2,775.329,-0.470595
2,0.0207898,-1.02386e-16,2,0.170129,-0.000918986,2,25.1979,-0.130003,2,775.103,-0.470437
2,0.0207898,-1.02386e-16,2,0.169515,-0.000910028,2,25.1319,-0.12959,2,774.877,-0.470279
2,0.0207898,-1.02386e-16,2,0.168907,-0.000901162,2,25.0662,-0.129179,2,774.63,-0.470108
2,0.0207898,-1.02386e-16,2,0.168305,-0.00089239,2,25.0008,-0.12877,2,774.404,-0.46995
2,0.0207898,-1.02386e-16,2,0.167708,-0.000883708,2,24.9356,-0.128362,2,774.178,-0.469793
2,0.0207898,-1.02386e-16,2,0.167116,-0.000875117,2,24.8706,-0.127956,2,773.932,-0.469623
2,0.0207898,-1.02386e-16,2,0.16653,-0.000866616,2,24.8059,-0.127551,2,773.706,-0.469465
2,0.0207898,-1.02386e-16,2,0.165949,-0.000858203,2,24.7414,-0.127147,2,773.48,-0.469309
2,0.0207898,-1.02386e-16,2,0.165373,-0.000849877,2,24.6772,-0.126746,2,773.233,-0.469139
